¥N¸¹,¤½¥q¦WºÙ,¹ê¦¬¸ê¥»ÃB
1101,¥xÆW¤ôªdªÑ¥÷¦³­­¤½¥q,32921758690 
1102,¨È¬w¤ôªdªÑ¥÷¦³­­¤½¥q,29857354830 
1103,¹Å·s¤ôªdªÑ¥÷¦³­­¤½¥q,7178778550 
1104,Àô²y¤ôªdªÑ¥÷¦³­­¤½¥q,6038919080 
1108,©¯ºÖ¤ôªdªÑ¥÷¦³­­¤½¥q,4047380490 
1109,«H¤j¤ôªdªÑ¥÷¦³­­¤½¥q,4210007600 
1110,ªF«n¤ôªdªÑ¥÷¦³­­¤½¥q,5720007970 
1201,¨ý¥þ­¹«~¤u·~ªÑ¥÷¦³­­¤½¥q,5060629140 
1203,¨ý¤ýªÑ¥÷¦³­­¤½¥q,2197164500 
1210,¤j¦¨ªø«°¥ø·~ªÑ¥÷¦³­­¤½¥q,4711123010 
1213,¤j¦è¬v¶¼®ÆªÑ¥÷¦³­­¤½¥q,514751160 
1215,¥xÆW¤R¸Á¥ø·~ªÑ¥÷¦³­­¤½¥q,2320268380 
1216,²Î¤@¥ø·~ªÑ¥÷¦³­­¤½¥q,38974002640 
1217,·R¤§¨ýªÑ¥÷¦³­­¤½¥q,4476892570 
1218,®õ¤s¥ø·~ªÑ¥÷¦³­­¤½¥q,3202433690 
1219,ºÖ¹Ø¹ê·~ªÑ¥÷¦³­­¤½¥q,2743079570 
1220,¥xºa²£·~ªÑ¥÷¦³­­¤½¥q,1770779440 
1225,ºÖÀ·ªo¯×ªÑ¥÷¦³­­¤½¥q,1627000280 
1227,¨Î®æ­¹«~ªÑ¥÷¦³­­¤½¥q,3225230340 
1229,ÁpµØ¹ê·~ªÑ¥÷¦³­­¤½¥q,8144742420 
1231,ÁpµØ­¹«~¤u·~ªÑ¥÷¦³­­¤½¥q,1154190000 
1232,¤j²Î¯qªÑ¥÷¦³­­¤½¥q,1599749150 
1233,¤Ñ¤¯¯ù·~ªÑ¥÷¦³­­¤½¥q,905919480 
1234,¶ÂªQªÑ¥÷¦³­­¤½¥q,5358281250 
1235,¿³®õ¹ê·~ªÑ¥÷¦³­­¤½¥q,529445110 
1236,§»¨È­¹«~ªÑ¥÷¦³­­¤½¥q,852312140 
1301,¥xÆW¶ì½¦¤u·~ªÑ¥÷¦³­­¤½¥q,61209045970 
1303,«n¨È¶ì½¦¤u·~ªÑ¥÷¦³­­¤½¥q,78522986030 
1304,¥xÆW»E¦X¤Æ¾Ç«~ªÑ¥÷¦³­­¤½¥q,7714031640 
1305,µØ®L®üÆW¶ì½¦ªÑ¥÷¦³­­¤½¥q,4248035280 
1307,¤TªÚ¤Æ¾Ç¤u·~ªÑ¥÷¦³­­¤½¥q,2971094420 
1308,¨È¬w»E¦XªÑ¥÷¦³­­¤½¥q,2609316310 
1309,¥x¹F¤Æ¾Ç¤u·~ªÑ¥÷¦³­­¤½¥q,2786155240 
1310,¥xÆW­f¤A²m¤u·~ªÑ¥÷¦³­­¤½¥q,5803402980 
1312,°ê³ì¥Ûªo¤Æ¾ÇªÑ¥÷¦³­­¤½¥q,8138288440 
1313,Áp¦¨¤Æ¾Ç¬ì§ÞªÑ¥÷¦³­­¤½¥q,8443302560 
1314,¤¤°ê¥Ûªo¤Æ¾Ç¤u·~¶}µo(ªÑ)¤½¥q,17949629920 
1315,¹F·s¤u·~ªÑ¥÷¦³­­¤½¥q,2200000000 
1316,¤WÂ`¶}µo¬ì§ÞªÑ¥÷¦³­­¤½¥q,651660850 
1319,ªF¶§¹ê·~¼tªÑ¥÷¦³­­¤½¥q,4650495820 
1321,¤j¬v¶ì½¦¤u·~ªÑ¥÷¦³­­¤½¥q,2272282680 
1323,¥Ã¸Î¶ì½¦¤u·~ªÑ¥÷¦³­­¤½¥q,788463900 
1324,¦a²yºî¦X¤u·~ªÑ¥÷¦³­­¤½¥q,751218820 
1325,ùÚ¤jªÑ¥÷¦³­­¤½¥q,917843300 
1326,¥xÆW¤Æ¾ÇÅÖºûªÑ¥÷¦³­­¤½¥q,56904721280 
1402,»·ªF·s¥@¬öªÑ¥÷¦³­­¤½¥q,46613529010 
1409,·s¥ú¦X¦¨ÅÖºûªÑ¥÷¦³­­¤½¥q,14540738310 
1410,«n¬v¬V¾ãªÑ¥÷¦³­­¤½¥q,900000000 
1413,§»¬w¤Æ¾Ç¤u·~ªÑ¥÷¦³­­¤½¥q,1701874240 
1414,ªF©M¯¼Â´¦L¬VªÑ¥÷¦³­­¤½¥q,2200000000 
1416,¼sÂ×¹ê·~ªÑ¥÷¦³­­¤½¥q,5497834260 
1417,¹Å¸ÎªÑ¥÷¦³­­¤½¥q,3798836800 
1418,ªFµØ¦XÅÖªÑ¥÷¦³­­¤½¥q,1319276300 
1419,·s¥ú¯¼Â´ªÑ¥÷¦³­­¤½¥q,3000412800 
1423,§QµØ¦Ï¤ò¤u·~ªÑ¥÷¦³­­¤½¥q,1750000000 
1432,¤j¾|»ÕÅÖºûªÑ¥÷¦³­­¤½¥q,885642330 
1434,ºÖÀ·¿³·~ªÑ¥÷¦³­­¤½¥q,16846646370 
1435,¤¤ºÖ®¶·~(­ì¦W¤¤ºÖ¯¼Â´)(ªÑ)¤½¥q,1397800800 
1436,ºÖ¯q¹ê·~ªÑ¥÷¦³­­¤½¥q,3300000000 
1437,¶Ô¯qªÑ¥÷¦³­­¤½¥q,2039649370 
1438,¸ÎÂ×°ê»Ú¶}µoªÑ¥÷¦³­­¤½¥q,1024115180 
1439,¤¤©M¦Ï¤ò¤u·~ªÑ¥÷¦³­­¤½¥q,920000000 
1440,¥x«n¯¼Â´ªÑ¥÷¦³­­¤½¥q,14935240000 
1441,¤jªF¯¼Â´ªÑ¥÷¦³­­¤½¥q,735603980 
1442,¦W°a¶}µoªÑ¥÷¦³­­¤½¥q,1728084450 
1443,¥ß¯q¯¼Â´ªÑ¥÷¦³­­¤½¥q,3010900420 
1444,¤OÄR¥ø·~ªÑ¥÷¦³­­¤½¥q,7679700000 
1445,¤j¦t¯¼Â´ªÑ¥÷¦³­­¤½¥q,1417510340 
1446,§»©Mºë±K¯¼Â´ªÑ¥÷¦³­­¤½¥q,1386215130 
1447,¤OÄP¥ø·~ªÑ¥÷¦³­­¤½¥q,6528665000 
1449,¨Î©M¹ê·~ªÑ¥÷¦³­­¤½¥q,1871940840 
1451,¦~¿³¯¼Â´ªÑ¥÷¦³­­¤½¥q,5906430910 
1452,§»¯qÅÖºû¤u·~ªÑ¥÷¦³­­¤½¥q,1275398080 
1453,¤j±N¶}µoªÑ¥÷¦³­­¤½¥q,409000000 
1454,¥xÆW´Iº÷ÅÖºûªÑ¥÷¦³­­¤½¥q,1336284270 
1455,¶°²±¹ê·~ªÑ¥÷¦³­­¤½¥q,4821165750 
1456,©ÉµØ¹ê·~ªÑ¥÷¦³­­¤½¥q,1675000000 
1457,©y¶i¹ê·~ªÑ¥÷¦³­­¤½¥q,2251510000 
1459,Ápµo¯¼Â´ÅÖºûªÑ¥÷¦³­­¤½¥q,3311299040 
1460,§»»·¿³·~ªÑ¥÷¦³­­¤½¥q,4711891330 
1463,±j²±¬V¾ãªÑ¥÷¦³­­¤½¥q,1884107690 
1464,±o¤O¹ê·~ªÑ¥÷¦³­­¤½¥q,1568490200 
1465,°¶¥þ¹ê·~ªÑ¥÷¦³­­¤½¥q,863393890 
1466,»E¶©ÅÖºûªÑ¥÷¦³­­¤½¥q,715977960 
1467,«n½n¹ê·~ªÑ¥÷¦³­­¤½¥q,1649115300 
1468,Îë©MÅÖºû¿³·~ªÑ¥÷¦³­­¤½¥q,1604052440 
1469,²z¶©ÅÖºû¤u·~ªÑ¥÷¦³­­¤½¥q,1246000000 
1470,¤j²Îºë±K¬V¾ãªÑ¥÷¦³­­¤½¥q,857670000 
1471,­º§Q¹ê·~ªÑ¥÷¦³­­¤½¥q,1554519740 
1472,¤T¬v¯¼Â´ÅÖºûªÑ¥÷¦³­­¤½¥q,875000000 
1473,¥x«n¥ø·~ªÑ¥÷¦³­­¤½¥q,1468220340 
1474,¥°¸Î¥ø·~ªÑ¥÷¦³­­¤½¥q,1378743710 
1475,¥»·ù¥ú¹qªÑ¥÷¦³­­¤½¥q,465022740 
1476,¾§ÂE¥ø·~ªÑ¥÷¦³­­¤½¥q,1934803840 
1477,»E¶§¹ê·~ªÑ¥÷¦³­­¤½¥q,1523266340 
1503,¤hªL¹q¾÷¼tªÑ¥÷¦³­­¤½¥q,5209722230 
1504,ªF¤¸¹q¾÷ªÑ¥÷¦³­­¤½¥q,18231659150 
1506,¥¿¹D¤u·~ªÑ¥÷¦³­­¤½¥q,1022516160 
1507,¥Ã¤j¾÷¹q¤u·~ªÑ¥÷¦³­­¤½¥q,4108200000 
1512,·ç§Q¥ø·~ªÑ¥÷¦³­­¤½¥q,1818024940 
1513,¤¤¿³¹q¤u¾÷±ñªÑ¥÷¦³­­¤½¥q,4800000000 
1514,¨È¤O¹q¾÷ªÑ¥÷¦³­­¤½¥q,2010670130 
1515,¤O¤s¤u·~ªÑ¥÷¦³­­¤½¥q,2287842760 
1516,¤t­¸¯à·½ªÑ¥÷¦³­­¤½¥q,1022500680 
1517,§Q©_¾÷±ñ¤u·~ªÑ¥÷¦³­­¤½¥q,2278250070 
1519,µØ«°¹q¾÷ªÑ¥÷¦³­­¤½¥q,2486271890 
1521,¤j»õ¥æ³q¤u·~»s³yªÑ¥÷¦³­­¤½¥q,762300000 
1522,³öºû¦è¥æ³q¤u·~ªÑ¥÷¦³­­¤½¥q,2802863160 
1523,»OÆW¶}»õ¤u·~ªÑ¥÷¦³­­¤½¥q,1673196980 
1524,¯Õ¹©¥ø·~ªÑ¥÷¦³­­¤½¥q,1592299280 
1525,¦¿¥Ó¤u·~ªÑ¥÷¦³­­¤½¥q,659480110 
1526,¤é¹£¥ø·~ªÑ¥÷¦³­­¤½¥q,628970000 
1527,Æp¥þ¹ê·~ªÑ¥÷¦³­­¤½¥q,1735186000 
1528,®¦¼w¬ì§ÞªÑ¥÷¦³­­¤½¥q,1175682060 
1529,¼Ö¤hªÑ¥÷¦³­­¤½¥q,1597089220 
1530,¨È´Q¾÷¹qªÑ¥÷¦³­­¤½¥q,906079520 
1531,°ªªLªÑ¥÷¦³­­¤½¥q,1931510800 
1532,¶Ô¬üªÑ¥÷¦³­­¤½¥q,2714722420 
1533,¨®¤ý¹q¤lªÑ¥÷¦³­­¤½¥q,964151980 
1535,¤¤¦tÀô«O¤uµ{ªÑ¥÷¦³­­¤½¥q,1130474180 
1536,©M¤j¤u·~ªÑ¥÷¦³­­¤½¥q,1737714000 
1537,¼s¶©¥ú¹q¬ì§ÞªÑ¥÷¦³­­¤½¥q,671388740 
1538,¥¿®p·s¯à·½ªÑ¥÷¦³­­¤½¥q,1620114960 
1539,¥¨®x¾÷±ñªÑ¥÷¦³­­¤½¥q,653700000 
1540,³ìºÖ¾÷±ñ¤u·~ªÑ¥÷¦³­­¤½¥q,743248800 
1541,ëù®õ¤u·~ªÑ¥÷¦³­­¤½¥q,717827890 
1560,¤¤°ê¬â½ü¥ø·~ªÑ¥÷¦³­­¤½¥q,1410000000 
1583,µ{®õ¾÷±ñªÑ¥÷¦³­­¤½¥q,937796170 
1603,¤¤µØ¹q½u¹qÆlªÑ¥÷¦³­­¤½¥q,3423000000 
1604,ÁnÄ_ªÑ¥÷¦³­­¤½¥q,8763900000 
1605,µØ·sÄRµØªÑ¥÷¦³­­¤½¥q,31192004220 
1608,µØºa¹q½u¹qÆlªÑ¥÷¦³­­¤½¥q,6327735060 
1609,¤j¨È¹q½u¹qÆlªÑ¥÷¦³­­¤½¥q,5743411890 
1611,¤¤°ê¹q¾¹ªÑ¥÷¦³­­¤½¥q,3817175400 
1612,§»®õ¹q¤uªÑ¥÷¦³­­¤½¥q,3241510630 
1613,¥x¤@°ê»ÚªÑ¥÷¦³­­¤½¥q,2000000000 
1614,¥xÆW¤T¬v¹q¾÷ªÑ¥÷¦³­­¤½¥q,3166040070 
1615,¤j¤s¹q½u¹qÆlªÑ¥÷¦³­­¤½¥q,968500290 
1616,»õ®õ¹q½u¹qÆlªÑ¥÷¦³­­¤½¥q,1941485150 
1617,ºa¬P¹q½u¤u·~ªÑ¥÷¦³­­¤½¥q,1181080540 
1618,¦X¾÷¹q½u¹qÆlªÑ¥÷¦³­­¤½¥q,2338492080 
1701,¤¤°ê¤Æ¾Ç»sÃÄªÑ¥÷¦³­­¤½¥q,2980810800 
1702,«n¹´¤Æ¾Ç¤u·~ªÑ¥÷¦³­­¤½¥q,2941329620 
1704,§õªøºa¤Æ¾Ç¤u·~ªÑ¥÷¦³­­¤½¥q,7105343680 
1707,¸²µå¤ý¥Í§ÞªÑ¥÷¦³­­¤½¥q,1302350400 
1708,ªFÆPªÑ¥÷¦³­­¤½¥q,1578396730 
1709,©M¯q¤Æ¾Ç¤u·~ªÑ¥÷¦³­­¤½¥q,3093441540 
1710,ªFÁp¤Æ¾ÇªÑ¥÷¦³­­¤½¥q,8051845720 
1711,»OÆW¥Ã¥ú¤Æ¾Ç¤u·~ªÑ¥÷¦³­­¤½¥q,3888860000 
1712,¿³¹AªÑ¥÷¦³­­¤½¥q,3526920390 
1713,°ê®õ¤Æ¤u¼tªÑ¥÷¦³­­¤½¥q,1509517000 
1714,©M®ä¤Æ¾ÇªÑ¥÷¦³­­¤½¥q,6378608740 
1715,¨È¬w¤Æ¾ÇªÑ¥÷¦³­­¤½¥q,2490614390 
1716,¥Ã«HÃÄ«~¤u·~ªÑ¥÷¦³­­¤½¥q,2537361750 
1717,ªø¿³¤Æ¾Ç¤u·~ªÑ¥÷¦³­­¤½¥q,9001334350 
1718,¤¤°ê¤H³yÅÖºûªÑ¥÷¦³­­¤½¥q,14105902460 
1720,¥Í¹F¤Æ¾Ç»sÃÄªÑ¥÷¦³­­¤½¥q,1561114310 
1721,¤T®ÌªÑ¥÷¦³­­¤½¥q,736769770 
1722,¥xÆWªÎ®ÆªÑ¥÷¦³­­¤½¥q,9800000000 
1723,¤¤¿ûºÒ¯À¤Æ¾ÇªÑ¥÷¦³­­¤½¥q,2369044800 
1724,¥xµvªÑ¥÷¦³­­¤½¥q,1278139000 
1725,¤¸ºÕ¥ø·~ªÑ¥÷¦³­­¤½¥q,1371540000 
1726,¥Ã°O³yº£¤u·~ªÑ¥÷¦³­­¤½¥q,1620000000 
1727,»OÆW¤¤µØ¤Æ¾Ç¤u·~ªÑ¥÷¦³­­¤½¥q,742000000 
1729,¥²µ¾¹ê·~ªÑ¥÷¦³­­¤½¥q,1803510740 
1730,ªá¥P¤l¥ø·~ªÑ¥÷¦³­­¤½¥q,534811680 
1731,¬ü§^µØªÑ¥÷¦³­­¤½¥q,1258962140 
1732,¤òÄ_ªÑ¥÷¦³­­¤½¥q,424439570 
1733,¤­¹©¥Íª«§Þ³NªÑ¥÷¦³­­¤½¥q,955314200 
1734,§ö½÷ÃÄ«~¤u·~ªÑ¥÷¦³­­¤½¥q,1144831340 
1735,¤é³Ó¤Æ¤uªÑ¥÷¦³­­¤½¥q,932880000 
1736,³ì¤s°·±d¬ì§ÞªÑ¥÷¦³­­¤½¥q,1943610000 
1737,»OÆQ¹ê·~ªÑ¥÷¦³­­¤½¥q,2780955000 
1773,³Ó¤@¤Æ¤uªÑ¥÷¦³­­¤½¥q,1335000000 
1802,¥xÆW¬Á¼þ¤u·~ªÑ¥÷¦³­­¤½¥q,20085227440 
1805,Ä_±t«Ø³]ªÑ¥÷¦³­­¤½¥q,602750000 
1806,«a­x«Ø§÷ªÑ¥÷¦³­­¤½¥q,3611991840 
1808,°ê»«¤j¦aÀô«O¨Æ·~ªÑ¥÷¦³­­¤½¥q,1132160000 
1809,¤¤°ê»s¹VªÑ¥÷¦³­­¤½¥q,1697285270 
1810,©M¦¨ªY·~ªÑ¥÷¦³­­¤½¥q,3770536100 
1902,¥xÆW¯È·~ªÑ¥÷¦³­­¤½¥q,3357675000 
1903,¤hªL¯È·~ªÑ¥÷¦³­­¤½¥q,2600391210 
1904,¥¿¶©ªÑ¥÷¦³­­¤½¥q,10320848470 
1905,¤¤µØ¯È¼ßªÑ¥÷¦³­­¤½¥q,5984401130 
1906,Ä_¶©°ê»ÚªÑ¥÷¦³­­¤½¥q,1510000000 
1907,¥ÃÂ×¾l³y¯ÈªÑ¥÷¦³­­¤½¥q,16037588100 
1909,ºa¦¨¯È·~ªÑ¥÷¦³­­¤½¥q,5421133090 
2002,¤¤°ê¿ûÅKªÑ¥÷¦³­­¤½¥q,131327869390 
2006,ªF©M¿ûÅK¥ø·~ªÑ¥÷¦³­­¤½¥q,9445178360 
2007,êM¿³¥ø·~ªÑ¥÷¦³­­¤½¥q,6182858950 
2008,°ª¿³©÷¿ûÅKªÑ¥÷¦³­­¤½¥q,4238266040 
2009,²Ä¤@¦ù»É¬ì§ÞªÑ¥÷¦³­­¤½¥q,3596221650 
2010,¬K·½¿ûÅK¤u·~ªÑ¥÷¦³­­¤½¥q,5934170690 
2012,¬K«B¤u¼tªÑ¥÷¦³­­¤½¥q,2877740000 
2013,¤¤°ê¿ûÅKµ²ºcªÑ¥÷¦³­­¤½¥q,1609038230 
2014,¤¤ÂE¿ûÅKªÑ¥÷¦³­­¤½¥q,16845706200 
2015,Â×¿³¿ûÅKªÑ¥÷¦³­­¤½¥q,5815994240 
2017,©x¥Ð¿ûÅKªÑ¥÷¦³­­¤½¥q,3380955270 
2020,¬ü¨È¿ûºÞ¼tªÑ¥÷¦³­­¤½¥q,2053634840 
2022,»E¦ë¥ø·~ªÑ¥÷¦³­­¤½¥q,5522303970 
2023,êM½÷¥ø·~ªÑ¥÷¦³­­¤½¥q,14542192470 
2024,§ÓÁp¤u·~ªÑ¥÷¦³­­¤½¥q,1118500000 
2025,¤d¿³¤£ù×¿û(ªÑ)¤½¥q,3228340500 
2027,¤j¦¨¤£ù×¿û¤u·~ªÑ¥÷¦³­­¤½¥q,5378315110 
2028,«Â­P¿ûÅK¤u·~ªÑ¥÷¦³­­¤½¥q,2650000000 
2029,²±¾lªÑ¥÷¦³­­¤½¥q,3211800000 
2030,¹ü·½¥ø·~ªÑ¥÷¦³­­¤½¥q,2728819310 
2031,·s¥ú¿ûÅKªÑ¥÷¦³­­¤½¥q,2712201970 
2032,·s¿û¤u·~ªÑ¥÷¦³­­¤½¥q,1266953450 
2033,¨Î¤j¥@¬ÉªÑ¥÷¦³­­¤½¥q,806945360 
2034,¤¹±j¹ê·~ªÑ¥÷¦³­­¤½¥q,3690010230 
2038,®ü¥ú¥ø·~ªÑ¥÷¦³­­¤½¥q,1540000000 
2049,¤W»È¬ì§ÞªÑ¥÷¦³­­¤½¥q,2233897470 
2059,¤t´ò¬ì§ÞªÑ¥÷¦³­­¤½¥q,870222730 
2062,¾ôÝÏª÷ÄÝªÑ¥÷¦³­­¤½¥q,1643340000 
2101,«n´ä½ü­LªÑ¥÷¦³­­¤½¥q,6771447800 
2102,®õÂ×½ü­LªÑ¥÷¦³­­¤½¥q,3354241950 
2103,¥x¾óªÑ¥÷¦³­­¤½¥q,6499094690 
2104,¤¤°ê¦X¦¨¾ó½¦ªÑ¥÷¦³­­¤½¥q,4412241050 
2105,¥¿·s¾ó½¦¤u·~ªÑ¥÷¦³­­¤½¥q,16483170790 
2106,«Ø¤j¤u·~ªÑ¥÷¦³­­¤½¥q,5526000000 
2107,«p¥ÍªÑ¥÷¦³­­¤½¥q,5036524320 
2108,«n«Ò¤Æ¾Ç¤u·~ªÑ¥÷¦³­­¤½¥q,2927356770 
2109,µØÂ×¾ó½¦¤u·~ªÑ¥÷¦³­­¤½¥q,3223567310 
2201,¸Î¶©¨T¨®»s³yªÑ¥÷¦³­­¤½¥q,15704354180 
2204,¤¤µØ¨T¨®¤u·~ªÑ¥÷¦³­­¤½¥q,13913008540 
2206,¤T¶§¤u·~ªÑ¥÷¦³­­¤½¥q,8456385000 
2207,©M®õ¨T¨®ªÑ¥÷¦³­­¤½¥q,5461791840 
2208,¥xÆW°ê»Ú³y²îªÑ¥÷¦³­­¤½¥q,6727939800 
2227,¸Î¶©¤é²£¨T¨®ªÑ¥÷¦³­­¤½¥q,3000000000 
2301,¥úÄ_¬ì§ÞªÑ¥÷¦³­­¤½¥q,22621180170 
2302,ÄR¥¿°ê»Ú¬ì§ÞªÑ¥÷¦³­­¤½¥q,1573283000 
2303,ÁpµØ¹q¤lªÑ¥÷¦³­­¤½¥q,129877713150 
2305,¥þ¤Í¹q¸£ªÑ¥÷¦³­­¤½¥q,2056608270 
2308,¥x¹F¹q¤l¤u·~ªÑ¥÷¦³­­¤½¥q,22535239560 
2311,¤é¤ë¥ú¥b¾ÉÅé»s³yªÑ¥÷¦³­­¤½¥q,54798782540 
2312,ª÷Ä_¹q¤l¤u·~ªÑ¥÷¦³­­¤½¥q,14582332110 
2313,µØ³q¹q¸£ªÑ¥÷¦³­­¤½¥q,11918205890 
2314,¥x´­¬ì§ÞªÑ¥÷¦³­­¤½¥q,4129682030 
2315,¯«¹F¹q¸£ªÑ¥÷¦³­­¤½¥q,15360309630 
2316,·£±ê¹q¤lªÑ¥÷¦³­­¤½¥q,4332277400 
2317,ÂE®üºë±K¤u·~ªÑ¥÷¦³­­¤½¥q,85789318550 
2321,ªF°TªÑ¥÷¦³­­¤½¥q,2973318310 
2323,¤¤ÀôªÑ¥÷¦³­­¤½¥q,28594979420 
2324,¤¯Ä_¹q¸£¤u·~ªÑ¥÷¦³­­¤½¥q,39794146460 
2325,ª¿«~ºë±K¤u·~ªÑ¥÷¦³­­¤½¥q,31163611390 
2327,°ê¥¨ªÑ¥÷¦³­­¤½¥q,21948623050 
2328,¼s¦t¬ì§ÞªÑ¥÷¦³­­¤½¥q,4879031580 
2329,µØ®õ¹q¤lªÑ¥÷¦³­­¤½¥q,6060157820 
2330,¥xÆW¿nÅé¹q¸ô»s³yªÑ¥÷¦³­­¤½¥q,258963533440 
2331,ºë­^¹q¸£ªÑ¥÷¦³­­¤½¥q,12794826910 
2332,¤Í°T¬ì§ÞªÑ¥÷¦³­­¤½¥q,6475802650 
2337,©ô§»¹q¤lªÑ¥÷¦³­­¤½¥q,32725522300 
2338,¥xÆW¥ú¸nªÑ¥÷¦³­­¤½¥q,3350729530 
2340,¥ú½U¬ì§ÞªÑ¥÷¦³­­¤½¥q,5453088150 
2341,­^¸s¥ø·~ªÑ¥÷¦³­­¤½¥q,1748129530 
2342,¥xÆW­Zª¿¹q¤lªÑ¥÷¦³­­¤½¥q,5763336680 
2344,µØ¨¹¹q¤lªÑ¥÷¦³­­¤½¥q,36564971930 
2345,´¼¨¹¬ì§ÞªÑ¥÷¦³­­¤½¥q,5434941090 
2347,Áp±j°ê»ÚªÑ¥÷¦³­­¤½¥q,13276490130 
2348,¤O¼s¬ì§ÞªÑ¥÷¦³­­¤½¥q,1087051840 
2349,ëä¼w¬ì§ÞªÑ¥÷¦³­­¤½¥q,23644989370 
2350,Àô¶©¹q®ðªÑ¥÷¦³­­¤½¥q,10782725260 
2351,¶¶¼w¤u·~ªÑ¥÷¦³­­¤½¥q,1735582490 
2352,¨Î¥@¹F¬ì§ÞªÑ¥÷¦³­­¤½¥q,19282176060 
2353,§»ùÖªÑ¥÷¦³­­¤½¥q,26856465890 
2354,ÂE·Çºë±K¤u·~ªÑ¥÷¦³­­¤½¥q,9720408740 
2355,·qÄP¤u·~ªÑ¥÷¦³­­¤½¥q,3979764200 
2356,­^·~¹FªÑ¥÷¦³­­¤½¥q,28214260260 
2357,µØºÓ¹q¸£ªÑ¥÷¦³­­¤½¥q,42467774840 
2358,¬ü®æ¬ì§ÞªÑ¥÷¦³­­¤½¥q,650000000 
2359,©ÒÃ¹ªùªÑ¥÷¦³­­¤½¥q,1808544740 
2360,­P­Z¹q¤lªÑ¥÷¦³­­¤½¥q,3495983500 
2361,ÂE¤Í¬ì§ÞªÑ¥÷¦³­­¤½¥q,724633830 
2362,ÂÅ¤Ñ¹q¸£ªÑ¥÷¦³­­¤½¥q,6556000000 
2363,ª¿²Î¬ì§ÞªÑ¥÷¦³­­¤½¥q,7078709760 
2364,­Û­¸¹q¸£¹ê·~ªÑ¥÷¦³­­¤½¥q,2773037120 
2365,©ø¬Õ¥ø·~ªÑ¥÷¦³­­¤½¥q,2902972760 
2367,ïúµØ¹q¤lªÑ¥÷¦³­­¤½¥q,4482912470 
2368,ª÷¹³¹q¤l(ªÑ)¤½¥q,5527528550 
2369,µÙ¥Íºë±K¤u·~ªÑ¥÷¦³­­¤½¥q,3464338660 
2371,¤j¦PªÑ¥÷¦³­­¤½¥q,55502953820 
2373,¾_¥¹¦æªÑ¥÷¦³­­¤½¥q,3374321690 
2374,¨Î¯à¥ø·~ªÑ¥÷¦³­­¤½¥q,4374014070 
2375,´¼Ä_¹q¤lªÑ¥÷¦³­­¤½¥q,3644540660 
2376,§Þ¹Å¬ì§ÞªÑ¥÷¦³­­¤½¥q,6291338860 
2377,·L¬P¬ì§ÞªÑ¥÷¦³­­¤½¥q,10681321990 
2379,·ç¬R¥b¾ÉÅéªÑ¥÷¦³­­¤½¥q,4769537420 
2380,­i¥úºë±K¤u·~ªÑ¥÷¦³­­¤½¥q,2242306000 
2382,¼s¹F¹q¸£ªÑ¥÷¦³­­¤½¥q,37256323700 
2383,¥x¥ú¹q¤l§÷®ÆªÑ¥÷¦³­­¤½¥q,2681683760 
2384,³ÓµØ¬ì§ÞªÑ¥÷¦³­­¤½¥q,11320411550 
2385,¸s¥ú¹q¤lªÑ¥÷¦³­­¤½¥q,5912778320 
2387,ºë¤¸¹q¸£ªÑ¥÷¦³­­¤½¥q,3729393280 
2388,«Â²±¹q¤lªÑ¥÷¦³­­¤½¥q,5166068820 
2390,¤ª¨°¹q¤l¶}µoªÑ¥÷¦³­­¤½¥q,2167233520 
2391,¦X¶Ô¬ì§ÞªÑ¥÷¦³­­¤½¥q,5170483550 
2392,¥¿´Qºë±K¤u·~ªÑ¥÷¦³­­¤½¥q,4539654720 
2393,»õ¥ú¹q¤l¤u·~ªÑ¥÷¦³­­¤½¥q,3670789850 
2395,¬ãµØªÑ¥÷¦³­­¤½¥q,5161337480 
2397,¤Í³q¸ê°TªÑ¥÷¦³­­¤½¥q,1210948570 
2399,¬M®õªÑ¥÷¦³­­¤½¥q,1781000000 
2401,­â¶§¬ì§ÞªÑ¥÷¦³­­¤½¥q,5969099190 
2402,¼Ý¹Å¬ì§ÞªÑ¥÷¦³­­¤½¥q,3306907570 
2403,¤Í©|ªÑ¥÷¦³­­¤½¥q,3673886220 
2404,º~­ð¶°¦¨ªÑ¥÷¦³­­¤½¥q,2510723730 
2405,¯EøÊªÑ¥÷¦³­­¤½¥q,2021583030 
2406,°êºÓ¬ì§Þ¤u·~ªÑ¥÷¦³­­¤½¥q,1769342690 
2408,«n¨È¬ì§ÞªÑ¥÷¦³­­¤½¥q,25755735490 
2409,¤Í¹F¥ú¹qªÑ¥÷¦³­­¤½¥q,88270455350 
2412,¤¤µØ¹q«HªÑ¥÷¦³­­¤½¥q,96968081810 
2413,Àô¶©¬ì§ÞªÑ¥÷¦³­­¤½¥q,1322522000 
2414,ºë§Þ¹q¸£ªÑ¥÷¦³­­¤½¥q,1642862460 
2415,ëù·s¬ì§ÞªÑ¥÷¦³­­¤½¥q,831124110 
2417,¶ê­è¬ì§ÞªÑ¥÷¦³­­¤½¥q,2258963300 
2419,¥òµa¬ì§ÞªÑ¥÷¦³­­¤½¥q,1386883610 
2420,·s¥¨¥ø·~ªÑ¥÷¦³­­¤½¥q,1559656880 
2421,«Ø·Ç¹q¾÷¤u·~ªÑ¥÷¦³­­¤½¥q,2578474550 
2423,©T½n¹q¤l¹ê·~ªÑ¥÷¦³­­¤½¥q,1008075840 
2424,Ã÷µØ¹q¤lªÑ¥÷¦³­­¤½¥q,400000000 
2425,µØªF©Ó±Ò¬ì§ÞªÑ¥÷¦³­­¤½¥q,768522630 
2426,¹©¤¸¥ú¹q¬ì§ÞªÑ¥÷¦³­­¤½¥q,3167919230 
2427,¤T°Ó¹q¸£ªÑ¥÷¦³­­¤½¥q,1903144630 
2428,¿³¶Ô¹q¤l¤u·~ªÑ¥÷¦³­­¤½¥q,1171095700 
2429,¥Ã¥üºë±K¹q¤lªÑ¥÷¦³­­¤½¥q,604700000 
2430,Àé©[¹ê·~ªÑ¥÷¦³­­¤½¥q,3209978410 
2431,Áp©÷¹q¤l¥ø·~ªÑ¥÷¦³­­¤½¥q,978577830 
2433,¤¬²±ªÑ¥÷¦³­­¤½¥q,1444960110 
2434,²ÎÀ·¥b¾ÉÅéªÑ¥÷¦³­­¤½¥q,1194000850 
2436,°¶¸à¹q¤lªÑ¥÷¦³­­¤½¥q,2468000000 
2437,©ô¸àªÑ¥÷¦³­­¤½¥q,607650470 
2438,­^»x¥ø·~ªÑ¥÷¦³­­¤½¥q,3026235040 
2439,¬ü«ß¹ê·~ªÑ¥÷¦³­­¤½¥q,1590896250 
2440,¤ÓªÅ±ô°ª¶Ç¯u¸ê°T¬ì§Þ(ªÑ)¤½¥q,1391172710 
2441,¶WÂ×¹q¤lªÑ¥÷¦³­­¤½¥q,5403378640 
2442,¬ü»ô¬ì§ÞªÑ¥÷¦³­­¤½¥q,1634000000 
2443,·s§Q­i¬ì§ÞªÑ¥÷¦³­­¤½¥q,3540370000 
2444,¤Í©ô¬ì§ÞªÑ¥÷¦³­­¤½¥q,1239499400 
2446,¥þÀ·ºë±K¬ì§ÞªÑ¥÷¦³­­¤½¥q,7239926490 
2448,´¹¤¸¥ú¹qªÑ¥÷¦³­­¤½¥q,7685042100 
2449,¨Ê¤¸¹q¤lªÑ¥÷¦³­­¤½¥q,12597355760 
2450,¯«¸£°ê»Ú¥ø·~ªÑ¥÷¦³­­¤½¥q,2485665070 
2451,³Ð¨£¸ê°TªÑ¥÷¦³­­¤½¥q,4188908440 
2452,°®©[¬ì§ÞªÑ¥÷¦³­­¤½¥q,2003777600 
2453,­â¸s¹q¸£ªÑ¥÷¦³­­¤½¥q,1000000000 
2454,Ápµo¬ì§ÞªÑ¥÷¦³­­¤½¥q,10901188540 
2455,¥þ·s¥ú¹q¬ì§ÞªÑ¥÷¦³­­¤½¥q,1271933250 
2456,©_¤O·s¹q¤lªÑ¥÷¦³­­¤½¥q,1523505520 
2457,­¸§»¬ì§ÞªÑ¥÷¦³­­¤½¥q,3675879100 
2458,¸q¶©¹q¤lªÑ¥÷¦³­­¤½¥q,4159360170 
2459,´°¦N¬ì§ÞªÑ¥÷¦³­­¤½¥q,1530757690 
2460,«Ø³qºë±K¤u·~ªÑ¥÷¦³­­¤½¥q,1715980000 
2461,¥ú¸s¹p®g¬ì§ÞªÑ¥÷¦³­­¤½¥q,1332217850 
2462,¥xÆW¨}±o¹q¤lªÑ¥÷¦³­­¤½¥q,805755900 
2463,¬ã´­¬ì§ÞªÑ¥÷¦³­­¤½¥q,909018600 
2464,·ù¥ß¦Û°Ê¤ÆªÑ¥÷¦³­­¤½¥q,1689060000 
2465,ÄR»O¬ì§ÞªÑ¥÷¦³­­¤½¥q,1529915730 
2466,«a¦è¹q¤l¥ø·~ªÑ¥÷¦³­­¤½¥q,1328226650 
2467,§Ó¸t¤u·~ªÑ¥÷¦³­­¤½¥q,1436616100 
2468,µØ¸g¸ê°T¥ø·~ªÑ¥÷¦³­­¤½¥q,703452490 
2471,¸ê³q¹q¸£ªÑ¥÷¦³­­¤½¥q,492538900 
2472,¥ß¶©¹q¤l¤u·~ªÑ¥÷¦³­­¤½¥q,1469970000 
2473,«ä·½¬ì§ÞªÑ¥÷¦³­­¤½¥q,2071028650 
2474,¥i¦¨¬ì§ÞªÑ¥÷¦³­­¤½¥q,6649085170 
2475,¤¤µØ¬MºÞªÑ¥÷¦³­­¤½¥q,164857178390 
2476,¹d²»¥ø·~ªÑ¥÷¦³­­¤½¥q,2443043390 
2477,¬ü¶©¤u·~ªÑ¥÷¦³­­¤½¥q,2664406590 
2478,¤j¼Ý¬ì§ÞªÑ¥÷¦³­­¤½¥q,1958309430 
2480,´°¶§¬ì§ÞªÑ¥÷¦³­­¤½¥q,1329503630 
2481,±j­ZªÑ¥÷¦³­­¤½¥q,3174453860 
2482,³s¦tªÑ¥÷¦³­­¤½¥q,620725490 
2483,¦Ê®e¹q¤lªÑ¥÷¦³­­¤½¥q,1169658070 
2484,§ÆµØ´¹Åé¬ì§ÞªÑ¥÷¦³­­¤½¥q,1431128840 
2485,¥ü»®¹q¤lªÑ¥÷¦³­­¤½¥q,3176890370 
2486,¤@¸àºë±K¤u·~ªÑ¥÷¦³­­¤½¥q,1795420340 
2488,º~¥­¹q¤l¤u·~ªÑ¥÷¦³­­¤½¥q,999994330 
2489,·ç°a¬ì§ÞªÑ¥÷¦³­­¤½¥q,6864552450 
2491,¦N²»¥þ²y¹ê·~ªÑ¥÷¦³­­¤½¥q,1506176500 
2492,µØ·s¬ì§ÞªÑ¥÷¦³­­¤½¥q,6638022650 
2493,´­³Õ¬ì§ÞªÑ¥÷¦³­­¤½¥q,1144373900 
2495,´¶¦w¬ì§ÞªÑ¥÷¦³­­¤½¥q,2941377380 
2496,¨ô¶V¥úÅÖªÑ¥÷¦³­­¤½¥q,2210277400 
2497,©É§Q¹q¤l¤u·~ªÑ¥÷¦³­­¤½¥q,1028982500 
2498,§»¹F°ê»Ú¹q¤lªÑ¥÷¦³­­¤½¥q,7960208440 
2499,ªF¨©¥ú¹q¬ì§ÞªÑ¥÷¦³­­¤½¥q,2592046149 
2501,°ê®õ«Ø³]ªÑ¥÷¦³­­¤½¥q,16565157980 
2504,°ê²£¹ê·~«Ø³]ªÑ¥÷¦³­­¤½¥q,13027605650 
2505,°ê´­¹ê·~ªÑ¥÷¦³­­¤½¥q,4426000000 
2506,¤Ó¥­¬v«Ø³]ªÑ¥÷¦³­­¤½¥q,7346856380 
2509,¥þ©[«Ø³]¶}µoªÑ¥÷¦³­­¤½¥q,1446049020 
2511,¤Ó¤l«Ø³]¶}µoªÑ¥÷¦³­­¤½¥q,9579107980 
2514,Às¨¹°ê»Ú¿³·~ªÑ¥÷¦³­­¤½¥q,5277539640 
2515,¤¤µØ¤uµ{ªÑ¥÷¦³­­¤½¥q,15250174850 
2516,·s¨È«Ø³]¶}µoªÑ¥÷¦³­­¤½¥q,2091799100 
2520,«a¼w«Ø³]ªÑ¥÷¦³­­¤½¥q,4894036710 
2524,¨Ê«°«Ø³]ªÑ¥÷¦³­­¤½¥q,3058496330 
2526,¤j³°¤uµ{ªÑ¥÷¦³­­¤½¥q,8411580760 
2527,§»¿[«Ø³]ªÑ¥÷¦³­­¤½¥q,2703060000 
2528,¬Ó´¶«Ø³]ªÑ¥÷¦³­­¤½¥q,5000000000 
2530,¤jµØ«Ø³]ªÑ¥÷¦³­­¤½¥q,2538915290 
2534,§»²±«Ø³]ªÑ¥÷¦³­­¤½¥q,5561591200 
2535,¹FªY¤uµ{ªÑ¥÷¦³­­¤½¥q,2765620400 
2536,§»´¶«Ø³]ªÑ¥÷¦³­­¤½¥q,2899306400 
2537,Áp¤W¶}µoªÑ¥÷¦³­­¤½¥q,997971660 
2538,°ò®õ«Ø³]ªÑ¥÷¦³­­¤½¥q,3671471790 
2539,Äåªá«Ø³]ªÑ¥÷¦³­­¤½¥q,1280000000 
2540,ª÷©|©÷¶}µoªÑ¥÷¦³­­¤½¥q,70000000 
2542,¿³´Iµo«Ø³]ªÑ¥÷¦³­­¤½¥q,6697228100 
2543,¬Ó©÷Àç³yªÑ¥÷¦³­­¤½¥q,1812047880 
2545,¬Óµ¾«Ø³]ªÑ¥÷¦³­­¤½¥q,3277348080 
2546,®Ú°òÀç³yªÑ¥÷¦³­­¤½¥q,661063360 
2547,¤é³Ó¥Í¬¡¬ì§ÞªÑ¥÷¦³­­¤½¥q,5249122720 
2548,µØ©T«Ø³]ªÑ¥÷¦³­­¤½¥q,2391669180 
2601,¯q¯èªÑ¥÷¦³­­¤½¥q,2686068000 
2603,ªøºa®ü¹BªÑ¥÷¦³­­¤½¥q,30625991490 
2605,·s¿³¯è¹BªÑ¥÷¦³­­¤½¥q,5683041710 
2606,¸Î¥Á¯è¹BªÑ¥÷¦³­­¤½¥q,8580167120 
2607,ªøºa°ê»ÚÀx¹BªÑ¥÷¦³­­¤½¥q,10671410940 
2608,¤jºa¨T¨®³f¹BªÑ¥÷¦³­­¤½¥q,4835824980 
2609,¶§©ú®ü¹BªÑ¥÷¦³­­¤½¥q,25624664760 
2610,¤¤µØ¯èªÅªÑ¥÷¦³­­¤½¥q,45722489910 
2611,§Ó«H°ê»ÚªÑ¥÷¦³­­¤½¥q,1813953760 
2612,¤¤°ê¯è¹BªÑ¥÷¦³­­¤½¥q,2564734970 
2613,¤¤°ê³fÂd¹B¿éªÑ¥÷¦³­­¤½¥q,890010000 
2614,ªF´Ë°ê»ÚªÑ¥÷¦³­­¤½¥q,14185306800 
2615,¸U®ü¯è¹BªÑ¥÷¦³­­¤½¥q,21126642540 
2616,¤s¶©³q¹BªÑ¥÷¦³­­¤½¥q,1041519190 
2617,¥xÆW¯è·~ªÑ¥÷¦³­­¤½¥q,4172944870 
2618,ªøºa¯èªÅªÑ¥÷¦³­­¤½¥q,29626772770 
2701,¸UµØ¥ø·~ªÑ¥÷¦³­­¤½¥q,3077005520 
2702,µØ¶é¶º©±ªÑ¥÷¦³­­¤½¥q,692731600 
2704,°ê»«¤j¶º©±ªÑ¥÷¦³­­¤½¥q,3668757700 
2705,¤»ºÖ¶}µoªÑ¥÷¦³­­¤½¥q,2902410010 
2706,²Ä¤@µØ¹´¤j¶º©±ªÑ¥÷¦³­­¤½¥q,2833215130 
2707,´¹µØ°ê»Ú°s©±ªÑ¥÷¦³­­¤½¥q,726000000 
2801,¹ü¤Æ°Ó·~»È¦æªÑ¥÷¦³­­¤½¥q,62094756000 
2809,¨Ê«°°Ó·~»È¦æªÑ¥÷¦³­­¤½¥q,10512342650 
2812,¥x¤¤°Ó·~»È¦æªÑ¥÷¦³­­¤½¥q,13719005760 
2816,©ô©ô¤ÍÁp²£ª««OÀIªÑ¥÷¦³­­¤½¥q,2200000000 
2820,¤¤µØ²¼¨éª÷¿ÄªÑ¥÷¦³­­¤½¥q,16787000000 
2823,¤¤°ê¤H¹Ø«OÀIªÑ¥÷¦³­­¤½¥q,13014164000 
2832,¥xÆW²£ª««OÀIªÑ¥÷¦³­­¤½¥q,3168570000 
2833,¥xÆW¤H¹Ø«OÀIªÑ¥÷¦³­­¤½¥q,6392491020 
2834,»OÆW¤¤¤p¥ø·~»È¦æªÑ¥÷¦³­­¤½¥q,38735980000 
2836,°ª¶¯»È¦æªÑ¥÷¦³­­¤½¥q,5257981950 
2837,¸U®õ°Ó·~»È¦æªÑ¥÷¦³­­¤½¥q,35534638580 
2838,Áp¨¹°Ó·~»È¦æªÑ¥÷¦³­­¤½¥q,23188244290 
2841,¥xÆW¤g¦a¶}µoªÑ¥÷¦³­­¤½¥q,3144190330 
2845,»·ªF°ê»Ú°Ó·~»È¦æªÑ¥÷¦³­­¤½¥q,19337974630 
2847,¤j²³°Ó·~»È¦æªÑ¥÷¦³­­¤½¥q,29646307660 
2849,¦w®õ°Ó·~»È¦æªÑ¥÷¦³­­¤½¥q,19579100500 
2850,·s¥ú²£ª««OÀIªÑ¥÷¦³­­¤½¥q,3159633000 
2851,¤¤¥¡¦A«OÀIªÑ¥÷¦³­­¤½¥q,5512500000 
2852,²Ä¤@²£ª««OÀIªÑ¥÷¦³­­¤½¥q,3011637840 
2854,Ä_¨ÓÃÒ¨éªÑ¥÷¦³­­¤½¥q,21385195370 
2855,²Î¤@ºî¦XÃÒ¨éªÑ¥÷¦³­­¤½¥q,11857061900 
2856,¤¸´IÃÒ¨éªÑ¥÷¦³­­¤½¥q,13906869320 
2880,µØ«nª÷¿Ä±±ªÑªÑ¥÷¦³­­¤½¥q,62723011920 
2881,´I¨¹ª÷¿Ä±±ªÑªÑ¥÷¦³­­¤½¥q,81253615730 
2882,°ê®õª÷¿Ä±±ªÑªÑ¥÷¦³­­¤½¥q,96708773050 
2883,¤¤µØ¶}µoª÷¿Ä±±ªÑªÑ¥÷¦³­­¤½¥q,112172049960 
2884,¥É¤sª÷¿Ä±±ªÑªÑ¥÷¦³­­¤½¥q,36528000000 
2885,¤¸¤jª÷¿Ä±±ªÑªÑ¥÷¦³­­¤½¥q,81021056860 
2886,¥üÂ×ª÷¿Ä±±ªÑªÑ¥÷¦³­­¤½¥q,110594262380 
2887,¥x·sª÷¿Ä±±ªÑªÑ¥÷¦³­­¤½¥q,69880778680 
2888,·s¥úª÷¿Ä±±ªÑªÑ¥÷¦³­­¤½¥q,73677876440 
2889,°ê²¼ª÷¿Ä±±ªÑªÑ¥÷¦³­­¤½¥q,21947143210 
2890,¥ÃÂ×ª÷¿Ä±±ªÑªÑ¥÷¦³­­¤½¥q,70611510950 
2891,¤¤°ê«H°Uª÷¿Ä±±ªÑªÑ¥÷¦³­­¤½¥q,101344353470 
2892,²Ä¤@ª÷¿Ä±±ªÑªÑ¥÷¦³­­¤½¥q,63188537990 
2901,ªYªY¤j²³¥«³õªÑ¥÷¦³­­¤½¥q,730432830 
2903,»·ªF¦Ê³fªÑ¥÷¦³­­¤½¥q,12123258140 
2904,¶×¹´ªÑ¥÷¦³­­¤½¥q,690344320 
2905,¤T°Ó¦æªÑ¥÷¦³­­¤½¥q,5479738710 
2906,°ªªL¹ê·~ªÑ¥÷¦³­­¤½¥q,2485340110 
2908,¯S¤OªÑ¥÷¦³­­¤½¥q,5312228720 
2910,²Î»â¦Ê³fªÑ¥÷¦³­­¤½¥q,2087250000 
2911,ÄRÀ¦©ÐªÑ¥÷¦³­­¤½¥q,1696026390 
2912,²Î¤@¶W°ÓªÑ¥÷¦³­­¤½¥q,10396222550 
2913,¥xÆW¹AªLªÑ¥÷¦³­­¤½¥q,5320000000 
2915,¼í®õ¥þ²yªÑ¥÷¦³­­¤½¥q,7114343230 
3002,¼Ú®æ¹q¤l¤u·~ªÑ¥÷¦³­­¤½¥q,1020000000 
3003,°·©M¿³ºÝ¤lªÑ¥÷¦³­­¤½¥q,1164588840 
3004,Â×¹F¬ì§ÞªÑ¥÷¦³­­¤½¥q(­ì§»¹F),237681550 
3005,¯«°ò¬ì§ÞªÑ¥÷¦³­­¤½¥q,5530792810 
3006,´¹»¨¬ì§ÞªÑ¥÷¦³­­¤½¥q,2423403940 
3008,¤j¥ß¥ú¹qªÑ¥÷¦³­­¤½¥q,1341401970 
3009,©_¬ü¹q¤lªÑ¥÷¦³­­¤½¥q,87126119170 
3010,µØ¥ß¥ø·~ªÑ¥÷¦³­­¤½¥q,2344091380 
3011,¤µµq¹ê·~ªÑ¥÷¦³­­¤½¥q,1127192510 
3013,ÑÔ»Ê¹q¤l¬ì§ÞªÑ¥÷¦³­­¤½¥q,1980810180 
3014,Áp¶§¥b¾ÉÅéªÑ¥÷¦³­­¤½¥q,2014828970 
3015,¥þº~¥ø·~ªÑ¥÷¦³­­¤½¥q,2182528520 
3016,¹Å´¹¹q¤lªÑ¥÷¦³­­¤½¥q,906676330 
3017,©_èb¬ì§ÞªÑ¥÷¦³­­¤½¥q,2716200930 
3018,¦P¶}¬ì§Þ¤uµ{ªÑ¥÷¦³­­¤½¥q,500500000 
3019,¨È¬w¥ú¾ÇªÑ¥÷¦³­­¤½¥q,2591275140 
3021,½Ã®i¸ê°TªÑ¥÷¦³­­¤½¥q,1082594070 
3022,«Â¹F¹qªÑ¥÷¦³­­¤½¥q,2019680820 
3023,«H¨¹¹q¤lªÑ¥÷¦³­­¤½¥q,1852918600 
3024,¾ÐÁn¹q¤l,3334402000 
3025,¬P³q¸ê°TªÑ¥÷¦³­­¤½¥q,781766500 
3026,¥Ý¦ù°ó¥ø·~ªÑ¥÷¦³­­¤½¥q,2872174540 
3027,²±¹F¹q·~ªÑ¥÷¦³­­¤½¥q,962153410 
3028,¼W§A±jªÑ¥÷¦³­­¤½¥q,2065455230 
3029,¹s³ü¬ì§ÞªÑ¥÷¦³­­¤½¥q,989962130 
3030,¼w«ß¬ì§ÞªÑ¥÷¦³­­¤½¥q,1925734470 
3031,¨ÕÂE¤u·~ªÑ¥÷¦³­­¤½¥q,1946824000 
3032,°¶°V¬ì§ÞªÑ¥÷¦³­­¤½¥q,1011163670 
3033,«Â°·¹ê·~ªÑ¥÷¦³­­¤½¥q,2320035230 
3034,Ápµú¬ì§ÞªÑ¥÷¦³­­¤½¥q,5956505140 
3035,´¼­ì¬ì§ÞªÑ¥÷¦³­­¤½¥q,3653342830 
3036,¤å¾ç¬ì§ÞªÑ¥÷¦³­­¤½¥q,2502473360 
3037,ªY¿³¹q¤lªÑ¥÷¦³­­¤½¥q,10927386130 
3038,¥þ¥x´¹¹³ªÑ¥÷¦³­­¤½¥q,2111076030 
3040,»·¨£¬ì§ÞªÑ¥÷¦³­­¤½¥q,1095209200 
3041,´­´¼¬ì§ÞªÑ¥÷¦³­­¤½¥q,3039490710 
3042,¥xÆW´¹§ÞªÑ¥÷¦³­­¤½¥q,2873125230 
3043,¬ì­·ªÑ¥÷¦³­­¤½¥q,1832481270 
3044,°·¹©¬ì§ÞªÑ¥÷¦³­­¤½¥q,4735188270 
3045,¥xÆW¤j­ô¤jªÑ¥÷¦³­­¤½¥q,38009253630 
3046,«ØùÖªÑ¥÷¦³­­¤½¥q,1636090000 
3047,°T¦à¬ì§ÞªÑ¥÷¦³­­¤½¥q,1055069080 
3048,¯qµn¬ì§ÞªÑ¥÷¦³­­¤½¥q,1611000000 
3049,©MøÊ¥ú¹qªÑ¥÷¦³­­¤½¥q,6635897860 
3050,à±¼w¬ì§ÞªÑ¥÷¦³­­¤½¥q,2200776360 
3051,¤O¯S¥ú¹q¬ì§ÞªÑ¥÷¦³­­¤½¥q,5067764100 
3052,Ê°¨å¬ì§Þ¶}µoªÑ¥÷¦³­­¤½¥q,1793421660 
3054,¸U°ê¬ì§ÞªÑ¥÷¦³­­¤½¥q,776035050 
3055,½«µØ¬ì§ÞªÑ¥÷¦³­­¤½¥q,1341007550 
3056,Â@»õ¹q¤l(ªÑ)¤½¥q,625570720 
3057,³ì¹©¸ê°TªÑ¥÷¦³­­¤½¥q,1425493750 
3058,¥ß¼w¹q¤lªÑ¥÷¦³­­¤½¥q,1197495230 
3059,µØ´¹¬ì§ÞªÑ¥÷¦³­­¤½¥q,3744593790 
3060,»Ê²§¬ì§ÞªÑ¥÷¦³­­¤½¥q,1466269920 
3061,Àö¶ê¥ú¹qªÑ¥÷¦³­­¤½¥q,3191299660 
3062,«Øº~¬ì§ÞªÑ¥÷¦³­­¤½¥q,3308204180 
3063,­¸«H¥b¾ÉÅéªÑ¥÷¦³­­¤½¥q,4143852900 
3080,«Â¤O·ù¹q¤lªÑ¥÷¦³­­¤½¥q,1700500000 
3090,¤é¹q¶TªÑ¥÷¦³­­¤½¥q,752427970 
3094,Áp³Ç°ê»ÚªÑ¥÷¦³­­¤½¥q,808391440 
3130,¤@¹s¥|¸ê°T¬ì§ÞªÑ¥÷¦³­­¤½¥q,337500000 
3189,´ººÓ¬ì§ÞªÑ¥÷¦³­­¤½¥q,4460000000 
3209,¥þ¬ì¬ì§ÞªÑ¥÷¦³­­¤½¥q,641875420 
3231,½n³Ð¸ê³qªÑ¥÷¦³­­¤½¥q,18506158260 
3296,³Ó¼w°ê»Ú¬ãµoªÑ¥÷¦³­­¤½¥q,1120988610 
3305,ª@¶T¬ì§ÞªÑ¥÷¦³­­¤½¥q,900007460 
3308,Áp¼w¹q¤lªÑ¥÷¦³­­¤½¥q,903709000 
3311,¶£·u¹ê·~ªÑ¥÷¦³­­¤½¥q,1759437740 
3315,«ÅÎëªÑ¥÷¦³­­¤½¥q,702813310 
3356,©_°¸¬ì§ÞªÑ¥÷¦³­­¤½¥q,481252190 
3367,­^µØ¹FªÑ¥÷¦³­­¤½¥q,5376000000 
3376,·s¤é¿³ªÑ¥÷¦³­­¤½¥q,1493388250 
3380,©ú®õ¬ì§ÞªÑ¥÷¦³­­¤½¥q,4641195300 
3383,·s¥@¬ö¥ú¹qªÑ¥÷¦³­­¤½¥q,1378200280 
3406,¥É´¹¥ú¹qªÑ¥÷¦³­­¤½¥q,770390630 
3419,ÃÏ¸Î¹ê·~ªÑ¥÷¦³­­¤½¥q,795623290 
3443,³Ð·N¹q¤lªÑ¥÷¦³­­¤½¥q,1313459110 
3450,Áp¶v¥ú¹qªÑ¥÷¦³­­¤½¥q,766421410 
3474,µØ¨È¬ì§ÞªÑ¥÷¦³­­¤½¥q,39775120000 
3481,¸s³Ð¥ú¹qªÑ¥÷¦³­­¤½¥q,32431221700 
3494,¸Û¬ã¬ì§ÞªÑ¥÷¦³­­¤½¥q,1112583620 
3501,ºû¿Q¬ì§ÞªÑ¥÷¦³­­¤½¥q,1021115410 
3504,´­©ú¥ú¾ÇªÑ¥÷¦³­­¤½¥q,1073147850 
3514,¬R´¹¯à·½¬ì§ÞªÑ¥÷¦³­­¤½¥q,2528479950 
3515,µØÀº¬ì§ÞªÑ¥÷¦³­­¤½¥q,1150416290 
3518,¬fÄË¬ì§ÞªÑ¥÷¦³­­¤½¥q,786408270 
3519,ºñ¯à¬ì§ÞªÑ¥÷¦³­­¤½¥q,1611113530 
3532,¥x¶ì³Ó°ª¬ì§ÞªÑ¥÷¦³­­¤½¥q,7756965990 
3533,¹Å¿AºÝ¤l¤u·~ªÑ¥÷¦³­­¤½¥q,762327000 
3534,¹p­â¬ì§ÞªÑ¥÷¦³­­¤½¥q,1256005060 
3535,´¹±m¬ì§ÞªÑ¥÷¦³­­¤½¥q,778196190 
3536,¸Û³Ð¬ì§ÞªÑ¥÷¦³­­¤½¥q,1819027380 
3545,¦°Â`¬ì§ÞªÑ¥÷¦³­­¤½¥q,1331571000 
3557,¹Å«Â¥ú¹qªÑ¥÷¦³­­¤½¥q,994856000 
3559,¥þ´¼¬ì§ÞªÑ¥÷¦³­­¤½¥q,1096415390 
3561,ª@¶§¥ú¹q¬ì§ÞªÑ¥÷¦³­­¤½¥q,1377568530 
3573,¿o¥x¬ì§ÞªÑ¥÷¦³­­¤½¥q,828950000 
3576,·s¤é¥ú¯à·½¬ì§ÞªÑ¥÷¦³­­¤½¥q,2106823090 
3588,³q¹Å¬ì§ÞªÑ¥÷¦³­­¤½¥q,386869210 
3593,¤O»Ê¬ì§ÞªÑ¥÷¦³­­¤½¥q,1127430580 
3596,´¼©ö¬ì§ÞªÑ¥÷¦³­­¤½¥q,1124207830 
3605,§»­P¹q¤lªÑ¥÷¦³­­¤½¥q,947822180 
3607,¨¦±]ºë±K¤u·~ªÑ¥÷¦³­­¤½¥q,1137330000 
3614,¸Û­P¬ì§ÞªÑ¥÷¦³­­¤½¥q,361892810 
3622,¬vµØ¥ú¹qªÑ¥÷¦³­­¤½¥q,1316430000 
3701,¤j²³¥þ²y§ë¸ê±±ªÑªÑ¥÷¦³­­¤½¥q,3036454220 
3702,¤jÁp¤j§ë¸ê±±ªÑªÑ¥÷¦³­­¤½¥q,8937725660 
4104,¨ÎÂå°·±d¨Æ·~ªÑ¥÷¦³­­¤½¥q,891084710 
4106,Ü¦³ÕªÑ¥÷¦³­­¤½¥q,721952870 
4108,Ãh¯S¥Í§Þ·sÃÄªÑ¥÷¦³­­¤½¥q,944270000 
4119,¦°´I»sÃÄ¬ì§ÞªÑ¥÷¦³­­¤½¥q,403511720 
4306,ª¢¬wªÑ¥÷¦³­­¤½¥q,2292642530 
4414,¦p¿³ªÑ¥÷¦³­­¤½¥q,684021930 
4526,ªF¥xºë¾÷,2069022730 
4532,·ç´¼ºë±KªÑ¥÷¦³­­¤½¥q,3830382860 
4725,«H©÷¤Æ¾Ç¤u·~ªÑ¥÷¦³­­¤½¥q,2919750000 
4904,»·¶Ç¹q«HªÑ¥÷¦³­­¤½¥q,32585008100 
4906,¥¿¤å¬ì§ÞªÑ¥÷¦³­­¤½¥q,2599582780 
5203,°T³s¬ì§ÞªÑ¥÷¦³­­¤½¥q,1155964390 
5305,´°«n¬ì§ÞªÑ¥÷¦³­­¤½¥q,4523045550 
5388,¤¤½U¹q¤lªÑ¥÷¦³­­¤½¥q,1709449690 
5434,±R¶V¬ì§ÞªÑ¥÷¦³­­¤½¥q,1429415440 
5469,Ãv¦t³Õ¼wªÑ¥÷¦³­­¤½¥q,3999264160 
5471,ªQ¿«¬ì§ÞªÑ¥÷¦³­­¤½¥q,1677289670 
5484,¼z¤Í¹q¤lªÑ¥÷¦³­­¤½¥q,1143227960 
5515,«Ø°ê¤uµ{ªÑ¥÷¦³­­¤½¥q,2927821140 
5522,»·¶¯«Ø³]¨Æ·~ªÑ¥÷¦³­­¤½¥q,7063833280 
5525,¶¶¤Ñ«Ø³]ªÑ¥÷¦³­­¤½¥q,2101389750 
5531,¶mªL«Ø³]¨Æ·~ªÑ¥÷¦³­­¤½¥q,3695140110 
5533,¬Ó¹©«Ø³]¶}µoªÑ¥÷¦³­­¤½¥q,1777752930 
5534,ªø­i«Ø³]ªÑ¥÷¦³­­¤½¥q,2214270030 
5607,»·¶¯¦Û¶T´ä§ë¸ê±±ªÑªÑ¥÷¦³­­¤½¥q,1699791000 
5608,¥|ºû¯è·~ªÑ¥÷¦³­­¤½¥q,3563500310 
5854,¦X§@ª÷®w°Ó·~»È¦æªÑ¥÷¦³­­¤½¥q,54855000000 
6005,¸s¯qÃÒ¨éªÑ¥÷¦³­­¤½¥q,16107860000 
6012,ª÷¹©ºî¦XÃÒ¨éªÑ¥÷¦³­­¤½¥q,10827764000 
6108,Äv°ê¹ê·~ªÑ¥÷¦³­­¤½¥q,1458768210 
6112,»EºÓ¬ì§ÞªÑ¥÷¦³­­¤½¥q,625680000 
6115,Âï³Ó¤u·~ªÑ¥÷¦³­­¤½¥q,1586467440 
6116,Ãv¦t±m´¹ªÑ¥÷¦³­­¤½¥q,54043596160 
6117,ªï¼s¬ì§ÞªÑ¥÷¦³­­¤½¥q,886500000 
6119,¤j¶Ç¥ø·~ªÑ¥÷¦³­­¤½¥q,1478930330 
6120,»²²»¹ê·~ªÑ¥÷¦³­­¤½¥q,3391447480 
6128,¤WºÖ¥þ²y¬ì§ÞªÑ¥÷¦³­­¤½¥q,837884590 
6131,±y§J¹q¤lªÑ¥÷¦³­­¤½¥q,1057604800 
6133,ª÷¾ô¬ì§ÞªÑ¥÷¦³­­¤½¥q,1129604230 
6136,´Iº¸¯S¬ì§ÞªÑ¥÷¦³­­¤½¥q,954846390 
6139,¨Èµ¾¤uµ{ªÑ¥÷¦³­­¤½¥q,1882511680 
6141,¬f©Ó¬ì§ÞªÑ¥÷¦³­­¤½¥q,1433544500 
6142,¤Í«l¬ì§ÞªÑ¥÷¦³­­¤½¥q,2275335060 
6145,«l¥Ã°ê»ÚªÑ¥÷¦³­­¤½¥q,2505838810 
6153,¹ÅÁp¯q¬ì§ÞªÑ¥÷¦³­­¤½¥q,3198030130 
6155,¶vÄ_¹q¤l¤u·~ªÑ¥÷¦³­­¤½¥q,770955940 
6164,µØ¿³¹q¤l¤u·~ªÑ¥÷¦³­­¤½¥q,1161119420 
6165,±¶®õºë±K¤u·~ªÑ¥÷¦³­­¤½¥q,960101680 
6166,­âµØ¬ì§ÞªÑ¥÷¦³­­¤½¥q,1199577200 
6168,§»»ô¬ì§ÞªÑ¥÷¦³­­¤½¥q,1835438690 
6172,¤¬»õ¬ì§ÞªÑ¥÷¦³­­¤½¥q,875863300 
6176,·ç»ö¥ú¹qªÑ¥÷¦³­­¤½¥q,4135206990 
6184,¤jÂ×¦³½u¹qµøªÑ¥÷¦³­­¤½¥q,620000000 
6189,Â×ÃÀ¹q¤lªÑ¥÷¦³­­¤½¥q,1814091010 
6191,ºë¦¨¬ì§ÞªÑ¥÷¦³­­¤½¥q,3778922940 
6192,¥¨¸ô°ê»ÚªÑ¥÷¦³­­¤½¥q,978856570 
6196,¦|«Å¨t²Î¬ì§ÞªÑ¥÷¦³­­¤½¥q,1615927560 
6197,¨Î¥²µX°ê»ÚªÑ¥÷¦³­­¤½¥q,1474980400 
6201,¨È¥°¹q¬ì§ÞªÑ¥÷¦³­­¤½¥q,892000000 
6202,²±¸s¥b¾ÉÅéªÑ¥÷¦³­­¤½¥q,2223014500 
6205,¸àªYªÑ¥÷¦³­­¤½¥q,772260790 
6206,­¸±¶¬ì§ÞªÑ¥÷¦³­­¤½¥q,786940010 
6209,¤µ°ê¥ú¾Ç¤u·~ªÑ¥÷¦³­­¤½¥q,1433352380 
6213,Áp­Z¹q¤lªÑ¥÷¦³­­¤½¥q,2866793170 
6215,©MÝÏ¬ì§ÞªÑ¥÷¦³­­¤½¥q,677896930 
6216,©~©ö¬ì§ÞªÑ¥÷¦³­­¤½¥q,741491370 
6224,»E¹©¬ì§ÞªÑ¥÷¦³­­¤½¥q,720448380 
6225,¤ÑÃv¬ì§ÞªÑ¥÷¦³­­¤½¥q,1152039070 
6226,¥ú¹©¹q¤lªÑ¥÷¦³­­¤½¥q,812656510 
6235,µØ§·¬ì§ÞªÑ¥÷¦³­­¤½¥q,2829052110 
6239,¤O¦¨¬ì§ÞªÑ¥÷¦³­­¤½¥q,6693851830 
6251,©w¿o¹q¤lªÑ¥÷¦³­­¤½¥q,2614677640 
6255,¥xÆW©`´¶¥ú¹q¬ì§ÞªÑ¥÷¦³­­¤½¥q,1862437800 
6257,ª¿®æªÑ¥÷¦³­­¤½¥q,3135182170 
6269,¥x°p¬ì§ÞªÑ¥÷¦³­­¤½¥q,1351726000 
6271,¦PªY¹q¤l¤u·~ªÑ¥÷¦³­­¤½¥q,1200590310 
6277,§»¥¿¦Û°Ê¬ì§ÞªÑ¥÷¦³­­¤½¥q,1194711660 
6281,¥þ°ê¹q¤lªÑ¥÷¦³­­¤½¥q,1322305930 
6282,±dµÎ¬ì§ÞªÑ¥÷¦³­­¤½¥q,4972412950 
6283,²E¦w¹q¤lªÑ¥÷¦³­­¤½¥q,928805280 
6285,±ÒùÖ¬ì§ÞªÑ¥÷¦³­­¤½¥q,2521711430 
6286,¥ßÀB¬ì§ÞªÑ¥÷¦³­­¤½¥q,1423974350 
6289,µØ¤W¥ú¹qªÑ¥÷¦³­­¤½¥q,2201872960 
6505,¥x¶ì¥Û¤ÆªÑ¥÷¦³­­¤½¥q,95259596520 
6605,«ÒÄ_¤u·~ªÑ¥÷¦³­­¤½¥q,1658163970 
8008,«Ø¿³¹q¤l¬ì§ÞªÑ¥÷¦³­­¤½¥q,8875394980 
8016,ª¿³Ð¹q¤lªÑ¥÷¦³­­¤½¥q,1152581290 
8021,¦yÂI¬ì§ÞªÑ¥÷¦³­­¤½¥q,1266717910 
8033,¹pªê¬ì§ÞªÑ¥÷¦³­­¤½¥q,864790750 
8046,«n¨È¹q¸ôªOªÑ¥÷¦³­­¤½¥q,6303985310 
8070,ªøµØ¹q§÷ªÑ¥÷¦³­­¤½¥q,630898390 
8072,°¥®õ¬ì§ÞªÑ¥÷¦³­­¤½¥q,1000000000 
8078,µØÄ_³q°TªÑ¥÷¦³­­¤½¥q,6077270000 
8081,­P·s¬ì§ÞªÑ¥÷¦³­­¤½¥q,855600770 
8101,µØ«a³q°TªÑ¥÷¦³­­¤½¥q,3684784380 
8103,Ãv¯þªÑ¥÷¦³­­¤½¥q,632510270 
8105,­â¥¨¬ì§ÞªÑ¥÷¦³­­¤½¥q,4068156040 
8110,µØªF¬ì§ÞªÑ¥÷¦³­­¤½¥q,4907907130 
8112,¦Ü¤W¹q¤lªÑ¥÷¦³­­¤½¥q,1729459880 
8131,ºÖÀ·¬ì§ÞªÑ¥÷¦³­­¤½¥q,4422222230 
8163,¹F¤è¹q¤lªÑ¥÷¦³­­¤½¥q,3167558500 
8201,µL¼Ä¬ì§ÞªÑ¥÷¦³­­¤½¥q,808115000 
8249,µÙ¥ú¬ì§ÞªÑ¥÷¦³­­¤½¥q,1270000000 
8374,Ã¹ª@¥ø·~ªÑ¥÷¦³­­¤½¥q,632571980 
8926,¥xÆW¨T¹q¦@¥ÍªÑ¥÷¦³­­¤½¥q,5293391400 
8940,·s¤Ñ¦a°ê»Ú¹ê·~ªÑ¥÷¦³­­¤½¥q,639361810 
9102,·s¥[©YªF¨È¬ì§ÞªÑ¥÷¦³­­¤½¥q,2104359497 
9103,¬ü¼w¦V¨¹ÂåÀø°ê»ÚªÑ¥÷¦³­­¤½¥q,714541000 
9104,¸U¦t¬ì§ÞªÑ¥÷¦³­­¤½¥q,3712000 
9105,®õª÷Ä_¬ì§ÞªÑ¥÷¦³­­¤½¥q,3940950792 
9106,·sµJÂI¨T¨®§Þ³N±±ªÑ¦³­­¤½¥q,186679362 
9110,¶V«n»s³y¥[¤u¥X¤f±±ªÑ¦³­­¤½¥q,37481690 
9136,¥¨ÄË°ê»Ú±±ªÑ¦³­­¤½¥q,467587200 
9151,¤¤°ê©ô©ô±±ªÑ¦³­­¤½¥q,8818027617 
9188,ºëº³°ê»Ú(¶}°Ò)¦³­­¤½¥q,34983824 
9902,¥x¤õ¶}µoªÑ¥÷¦³­­¤½¥q,980496000 
9904,Ä_¦¨¤u·~ªÑ¥÷¦³­­¤½¥q,28427857280 
9905,¤jµØª÷ÄÝ¤u·~ªÑ¥÷¦³­­¤½¥q,3050000000 
9906,¿³¹FªÑ¥÷¦³­­¤½¥q,930000000 
9907,²Î¤@¹ê·~ªÑ¥÷¦³­­¤½¥q,15039479450 
9908,¤j¥x¥_°Ï¥Ë´µªÑ¥÷¦³­­¤½¥q,5163580000 
9910,Â×®õ¥ø·~ªÑ¥÷¦³­­¤½¥q,4903120670 
9911,¥xÆWÄåªáªÑ¥÷¦³­­¤½¥q,2656684780 
9912,°¶Áp¬ì§ÞªÑ¥÷¦³­­¤½¥q,460873610 
9914,¬ü§Q¹F¤u·~ªÑ¥÷¦³­­¤½¥q,2476056310 
9917,¤¤¿³«O¥þªÑ¥÷¦³­­¤½¥q,4445291560 
9918,ªYªY¤ÑµM®ðªÑ¥÷¦³­­¤½¥q,1703183520 
9919,±d¨º­»¥ø·~ªÑ¥÷¦³­­¤½¥q,1971267500 
9921,¥¨¤j¾÷±ñ¤u·~ªÑ¥÷¦³­­¤½¥q,3550646260 
9922,Àu¬üªÑ¥÷¦³­­¤½¥q,2873949690 
9924,¥xÆWºÖ¿³¤u·~ªÑ¥÷¦³­­¤½¥q,1884521700 
9925,¥xÆW·s¥ú«O¥þªÑ¥÷¦³­­¤½¥q,3798545300 
9926,·s®ü¥Ë´µªÑ¥÷¦³­­¤½¥q,1282320000 
9927,®õ»Ê¹ê·~ªÑ¥÷¦³­­¤½¥q,1749107720 
9928,¤¤°ê¹qµø¨Æ·~ªÑ¥÷¦³­­¤½¥q,2791245830 
9929,¬î«B¦L¨êªÑ¥÷¦³­­¤½¥q,1491704180 
9930,¤¤Áp¸ê·½ªÑ¥÷¦³­­¤½¥q,2259457890 
9931,ªY°ª¥Ûªo®ðªÑ¥÷¦³­­¤½¥q,946764000 
9933,¤¤¹©¤uµ{ªÑ¥÷¦³­­¤½¥q,6314380000 
9934,¦¨ÀM¥ø·~ªÑ¥÷¦³­­¤½¥q,2943974870 
9935,¼yÂ×´I¹ê·~ªÑ¥÷¦³­­¤½¥q,1790098160 
9937,¥þ°ê¥[ªo¯¸ªÑ¥÷¦³­­¤½¥q,3090430000 
9938,¥xÆW¦Ê©M¤u·~ªÑ¥÷¦³­­¤½¥q,2794961300 
9939,§»¥þ°ê»ÚªÑ¥÷¦³­­¤½¥q,2351449800 
9940,«H¸q©Ð«Î¥ò¤¶ªÑ¥÷¦³­­¤½¥q,3037832940 
9941,¸Î¿Ä¥ø·~ªÑ¥÷¦³­­¤½¥q,2358000000 
9942,­Z¶¶±K«Ê¤¸¥ó¬ì§ÞªÑ¥÷¦³­­¤½¥q,831613200 
9943,¦n¼Ö­}ªÑ¥÷¦³­­¤½¥q,1841470000 
9944,·sÄR¥ø·~ªÑ¥÷¦³­­¤½¥q,909093100 
9945,¼í®õ³Ð·s°ê»ÚªÑ¥÷¦³­­¤½¥q,7593184880 
9955,¨ÎÀs¬ì§Þ¤uµ{ªÑ¥÷¦³­­¤½¥q,982076210 
9958,¥@¬ö¿ûÅKµ²ºcªÑ¥÷¦³­­¤½¥q,1166063820 
1107,«Ø¥x¤ôªdªÑ¥÷¦³­­¤½¥q,3140353000 
1333,®¦±o§Q¤u·~ªÑ¥÷¦³­­¤½¥q,1025256250 
1336,¥x¿«ºë±K¬ì§ÞªÑ¥÷¦³­­¤½¥q,662532300 
1558,¦ù¿³¤u·~ªÑ¥÷¦³­­¤½¥q,434788090 
1565,ºëµØ¥ú¾ÇªÑ¥÷¦³­­¤½¥q,504165160 
1569,ÀØ¤t¥ø·~ªÑ¥÷¦³­­¤½¥q,608650650 
1570,¤OªÖ¹ê·~ªÑ¥÷¦³­­¤½¥q,515008390 
1580,·s³Á¥ø·~ªÑ¥÷¦³­­¤½¥q,369285000 
1582,«HÀA¥ø·~ªÑ¥÷¦³­­¤½¥q,1353755000 
1584,ºë­èºë±K¬ì§ÞªÑ¥÷¦³­­¤½¥q,578204460 
1742,¥xÆWÄú«~ªÑ¥÷¦³­­¤½¥q,404315780 
1752,«n¥ú¤Æ¾Ç»sÃÄªÑ¥÷¦³­­¤½¥q,630008480 
1777,¥Í®õ¦X¦¨¤u·~ªÑ¥÷¦³­­¤½¥q,237710000 
1781,¦X¥@¥ÍÂå¬ì§ÞªÑ¥÷¦³­­¤½¥q,350481700 
1784,°TÁp¥Íª«¬ì§ÞªÑ¥÷¦³­­¤½¥q,424301790 
1785,¥ú¬vÀ³¥Î§÷®Æ¬ì§ÞªÑ¥÷¦³­­¤½¥q,2495933290 
1787,ºÖ¬Õ¬ì§Þ¤Æ¾ÇªÑ¥÷¦³­­¤½¥q,603707450 
1788,§ö©÷¥Í§ÞªÑ¥÷¦³­­¤½¥q,292500000 
1799,¬õ¹qÂå¾Ç¬ì§ÞªÑ¥÷¦³­­¤½¥q,281000000 
1813,Ä_§Q±t¥ú¾Ç¬ì§ÞªÑ¥÷¦³­­¤½¥q,411130910 
1815,´I³ì¤u·~ªÑ¥÷¦³­­¤½¥q,2475332520 
2035,­ðºaÅK¤u¼tªÑ¥÷¦³­­¤½¥q,3500000000 
2114,øÊ¥Ã»ÍªÑ¥÷¦³­­¤½¥q,501840380 
2221,¤j¥Ò¥Ã©M¾÷±ñ¤u·~ªÑ¥÷¦³­­¤½¥q,424250000 
2231,¬°¤É¹q¸Ë¤u·~ªÑ¥÷¦³­­¤½¥q,490447570 
2381,µØ¦t¥ú¯àªÑ¥÷¦³­­¤½¥q,5177028990 
2396,ºëºÐ¬ì§ÞªÑ¥÷¦³­­¤½¥q,12763560780 
2596,ºñ·N¶}µoªÑ¥÷¦³­­¤½¥q,567500000 
2636,¥x÷~°ê»ÚªÑ¥÷¦³­­¤½¥q,504389790 
2916,º¡¤ß¥ø·~ªÑ¥÷¦³­­¤½¥q,422153430 
2921,¯S¤O©M¼ÖªÑ¥÷¦³­­¤½¥q,421650000 
3064,®õ°¶¹q¤lªÑ¥÷¦³­­¤½¥q,664614920 
3066,§õ¬w¬ì§ÞªÑ¥÷¦³­­¤½¥q,1417242250 
3067,¥þ°ìªÑ¥÷¦³­­¤½¥q,290252400 
3068,¬ü½U¬ì§ÞªÑ¥÷¦³­­¤½¥q,693061450 
3069,Ä_ÑÔ¬ì§ÞªÑ¥÷¦³­­¤½¥q,267187240 
3071,¨óÁH¹q¾÷ªÑ¥÷¦³­­¤½¥q,2012918240 
3073,´¶®æ¬ì§ÞªÑ¥÷¦³­­¤½¥q,360508000 
3078,¹´«Â¬ì§ÞªÑ¥÷¦³­­¤½¥q,1859660790 
3083,¤¤µØºôÀsªÑ¥÷¦³­­¤½¥q,861687380 
3085,¤[¤j¸ê°Tºô¸ôªÑ¥÷¦³­­¤½¥q,434176140 
3086,µØ¸q°ê»Ú¼Æ¦ì®T¼ÖªÑ¥÷¦³­­¤½¥q,702860000 
3087,µ¾·Ç¥ý¶i¥ú¸nªÑ¥÷¦³­­¤½¥q,2850000000 
3088,¦ã°TªÑ¥÷¦³­­¤½¥q,785565340 
3089,®i¦¨¬ì§ÞªÑ¥÷¦³­­¤½¥q,521758160 
3093,¥xÆW´ä«ØªÑ¥÷¦³­­¤½¥q,345608520 
3095,¤Î¦¨¥ø·~ªÑ¥÷¦³­­¤½¥q,1905859610 
3099,³»­Û¥ø·~ªÑ¥÷¦³­­¤½¥q,2380136070 
3114,¦n¼w¬ì§ÞªÑ¥÷¦³­­¤½¥q,486057000 
3115,Ä_®q·¥¥úªÑ¥÷¦³­­¤½¥q,376976000 
3118,¶i¶¥¥Íª«¬ì§ÞªÑ¥÷¦³­­¤½¥q,309074860 
3126,«H»õ¬ì§ÞªÑ¥÷¦³­­¤½¥q,345592100 
3128,ª@¾U¹q¤lªÑ¥÷¦³­­¤½¥q,420000000 
3144,·s´­¬ì§ÞªÑ¥÷¦³­­¤½¥q,1543643960 
3152,¿[¼w¹q¤l¤u·~ªÑ¥÷¦³­­¤½¥q,627420000 
3162,ºë½T¹ê·~ªÑ¥÷¦³­­¤½¥q,406651650 
3164,´º©¨¥Íª«¬ì§ÞªÑ¥÷¦³­­¤½¥q,492963160 
3171,¤Ñ¹£¬ì§ÞªÑ¥÷¦³­­¤½¥q,323265150 
3188,¦w­Z·L¹q¤lªÑ¥÷¦³­­¤½¥q,478586200 
3191,©M¶i¹q¤lªÑ¥÷¦³­­¤½¥q,541532290 
3202,¾ìÑÔ¹q¤lªÑ¥÷¦³­­¤½¥q,675437060 
3205,¤ÑÄÍ¥Í¤Æ¬ì§ÞªÑ¥÷¦³­­¤½¥q,147128000 
3206,§ÓÂ×¹q¤lªÑ¥÷¦³­­¤½¥q,387609010 
3207,Ä£³Ó¹q¤lªÑ¥÷¦³­­¤½¥q,360642300 
3211,¶¶¹F¬ì§ÞªÑ¥÷¦³­­¤½¥q,1285289790 
3213,­Z°T¹q¸£ªÑ¥÷¦³­­¤½¥q,448708210 
3217,Àu¸s¬ì§ÞªÑ¥÷¦³­­¤½¥q,755010000 
3218,¤j¾Ç¥ú¾Ç¬ì§ÞªÑ¥÷¦³­­¤½¥q,452040540 
3219,­Ê±j¬ì§ÞªÑ¥÷¦³­­¤½¥q,397360420 
3221,¥xÆW¹ÅºÓ¬ì§ÞªÑ¥÷¦³­­¤½¥q,705000000 
3224,¤TÅUªÑ¥÷¦³­­¤½¥q,433163290 
3226,¦ÜÄ_¹q¸£¿³·~ªÑ¥÷¦³­­¤½¥q,372225730 
3227,­ì¬Û¬ì§ÞªÑ¥÷¦³­­¤½¥q,1298264140 
3228,ª÷ÄR¬ì§ÞªÑ¥÷¦³­­¤½¥q,567687050 
3229,ÑÔÜgªÑ¥÷¦³­­¤½¥q,604637000 
3230,ÀA©ú¹ê·~ªÑ¥÷¦³­­¤½¥q,861028940 
3232,¬R±¶ªÑ¥÷¦³­­¤½¥q,315678650 
3236,¤d¦p¹q¾÷¤u·~ªÑ¥÷¦³­­¤½¥q,434546600 
3252,®üÆW°ê»Ú¬ì§Þ(ªÑ)¤½¥q(­ì¦W§»³s),535348670 
3259,øÊ³Ð¬ì§ÞªÑ¥÷¦³­­¤½¥q,609405530 
3260,«Â­è¬ì§ÞªÑ¥÷¦³­­¤½¥q,2247394900 
3264,ªY»Í¬ì§ÞªÑ¥÷¦³­­¤½¥q,4422464330 
3265,¥xÆW¬P¬ìª÷ªB¥b¾ÉÅéªÑ¥÷¦³­­¤½¥q,2725233180 
3266,¥°¦p¬v¥Í§ÞªÑ¥÷¦³­­¤½¥q,831543090 
3268,®ü¼w«Â¹q¤l¤u·~ªÑ¥÷¦³­­¤½¥q,306663040 
3276,¦tÀô¬ì§ÞªÑ¥÷¦³­­¤½¥q,785692980 
3284,¤Ó´¶°ªºë±K¼v¹³ªÑ¥÷¦³­­¤½¥q,413920000 
3287,¼s¾È¬ì§ÞªÑ¥÷¦³­­¤½¥q,421977870 
3288,ÂI´¹¬ì§ÞªÑ¥÷¦³­­¤½¥q,487257110 
3289,©y¯S¬ì§ÞªÑ¥÷¦³­­¤½¥q,686346330 
3290,ªF®úºë±K¥ú¹qªÑ¥÷¦³­­¤½¥q,743190000 
3291,»·µ¾¬ì§ÞªÑ¥÷¦³­­¤½¥q,326073520 
3293,Üc¶H¹q¤lªÑ¥÷¦³­­¤½¥q,668469340 
3294,­^ÀÙªÑ¥÷¦³­­¤½¥q,1358603710 
3297,ªC¯S¹q¤lªÑ¥÷¦³­­¤½¥q,343842450 
3299,©­º~ªÑ¥÷¦³­­¤½¥q,460821320 
3303,©§¸W¬ì§ÞªÑ¥÷¦³­­¤½¥q,724061600 
3306,¹©¤Ñ°ê»ÚªÑ¥÷¦³­­¤½¥q,714819180 
3310,¨Î¿oºë±K¥ø·~ªÑ¥÷¦³­­¤½¥q,341122000 
3312,¥°¾Ð°ê»ÚªÑ¥÷¦³­­¤½¥q,721576350 
3313,´´¦¨¥ø·~ªÑ¥÷¦³­­¤½¥q,604840000 
3317,¥§§J´Ë·L¹q¤lªÑ¥÷¦³­­¤½¥q,612150500 
3322,«ØµÏ¹q¤l»s³yªÑ¥÷¦³­­¤½¥q,723497000 
3323,¥[¦Ê¸Î¤u·~ªÑ¥÷¦³­­¤½¥q,909014270 
3324,ÂùÂE¬ì§ÞªÑ¥÷¦³­­¤½¥q,491510150 
3325,¦°«~¬ì§ÞªÑ¥÷¦³­­¤½¥q,628343790 
3332,©¯±d¹q¤lªÑ¥÷¦³­­¤½¥q,481042460 
3339,®õ¨¦¥ú¹q¬ì§ÞªÑ¥÷¦³­­¤½¥q,2157462830 
3354,«ß³Ó¬ì§ÞªÑ¥÷¦³­­¤½¥q,741462660 
3360,©|¥ßªÑ¥÷¦³­­¤½¥q,396000000 
3362,¥ý¶i¥ú¹q¬ì§ÞªÑ¥÷¦³­­¤½¥q,770000000 
3372,¥xÆW¨å½d¥b¾ÉÅéªÑ¥÷¦³­­¤½¥q,3025000000 
3373,¼ö¬M¥ú¹qªÑ¥÷¦³­­¤½¥q,278849700 
3388,±R¶V¹q³qªÑ¥÷¦³­­¤½¥q,556800000 
3389,§Ó»·¹q¤lªÑ¥÷¦³­­¤½¥q,590467500 
3390,¦°³n¹q¤l¬ì§ÞªÑ¥÷¦³­­¤½¥q,438438210 
3402,º~¬ì¨t²Î¬ì§ÞªÑ¥÷¦³­­¤½¥q,468398850 
3416,¿Äµ{¹q°TªÑ¥÷¦³­­¤½¥q,421972490 
3431,ªø¤Ñ¬ì§ÞªÑ¥÷¦³­­¤½¥q,479820330 
3434,­õ©T¸ê°T¬ì§ÞªÑ¥÷¦³­­¤½¥q,328000000 
3438,¥xÆWÃþ¤ñ¬ì§ÞªÑ¥÷¦³­­¤½¥q,398261100 
3444,§Q¾÷¥ø·~ªÑ¥÷¦³­­¤½¥q,307867670 
3452,¯q³q¥ú¯à¬ì§ÞªÑ¥÷¦³­­¤½¥q,2046510040 
3454,´¹ºÍ³q°TªÑ¥÷¦³­­¤½¥q,579184940 
3455,¥Ñ¥Ð·s§ÞªÑ¥÷¦³­­¤½¥q,512320000 
3465,²»·~¬ì§ÞªÑ¥÷¦³­­¤½¥q,214182900 
3466,­P®¶¥ø·~ªÑ¥÷¦³­­¤½¥q,623775730 
3483,¤O­P¬ì§ÞªÑ¥÷¦³­­¤½¥q,401766470 
3484,±]ÄË¥ø·~ªÑ¥÷¦³­­¤½¥q,403723400 
3489,ÚâÄ_¹q¤lªÑ¥÷¦³­­¤½¥q,415730430 
3490,³æ¤«¤u·~ªÑ¥÷¦³­­¤½¥q,301706900 
3491,ª@¹F¬ì§ÞªÑ¥÷¦³­­¤½¥q,400943710 
3498,¶§µ{¬ì§ÞªÑ¥÷¦³­­¤½¥q,657459940 
3499,Àô¤Ñ½Ã¬P¬ì§ÞªÑ¥÷¦³­­¤½¥q,483076000 
3508,¦ì³t¬ì§ÞªÑ¥÷¦³­­¤½¥q,928377370 
3511,ª¿º¿¬ì§ÞªÑ¥÷¦³­­¤½¥q,301750000 
3512,¯à½{ºë±K¤u·~ªÑ¥÷¦³­­¤½¥q,320000000 
3516,¨È«Ò¼Ú¥ú¹qªÑ¥÷¦³­­¤½¥q,767516500 
3520,®¶ºû¹q¤lªÑ¥÷¦³­­¤½¥q,518855640 
3521,ÂEÖö°ê»ÚªÑ¥÷¦³­­¤½¥q,312103250 
3522,§»´Ë¥ú¹q¬ì§ÞªÑ¥÷¦³­­¤½¥q,354510000 
3523,ªï½÷¬ì§ÞªÑ¥÷¦³­­¤½¥q,1011785600 
3526,¤Z¥Ò¬ì§ÞªÑ¥÷¦³­­¤½¥q,522980000 
3527,»E¿n¬ì§ÞªÑ¥÷¦³­­¤½¥q,327343980 
3531,¥ý¯q¹q¤l¤u·~ªÑ¥÷¦³­­¤½¥q,594650110 
3540,Â`¶V¬ì§ÞªÑ¥÷¦³­­¤½¥q,516910170 
3546,¦t®m¶ø¥Å¬ì§ÞªÑ¥÷¦³­­¤½¥q,300125000 
3548,¥ü§Q¬ì§Þ¤u·~ªÑ¥÷¦³­­¤½¥q,500589980 
3551,¥@¥Ý¬ì§ÞªÑ¥÷¦³­­¤½¥q,437472950 
3552,¦P­P¹q¤l¥ø·~ªÑ¥÷¦³­­¤½¥q,486827950 
3553,¤O¿n¹q¤lªÑ¥÷¦³­­¤½¥q,465754640 
3556,¥Ý·ç¨È¬ì§ÞªÑ¥÷¦³­­¤½¥q,439380840 
3562,³»´¹¬ì§ÞªÑ¥÷¦³­­¤½¥q,523600000 
3570,¤j¶ï¸ê°T¬ì§ÞªÑ¥÷¦³­­¤½¥q,164850000 
3577,ªl®æ¬ì§ÞªÑ¥÷¦³­­¤½¥q,421226530 
3587,¶£±d¬ì§ÞªÑ¥÷¦³­­¤½¥q,393894500 
3611,¹©¿«¬ì§ÞªÑ¥÷¦³­­¤½¥q,261800000 
3615,¦w¥i¥ú¹qªÑ¥÷¦³­­¤½¥q,306000000 
3625,¦è³Ó°ê»ÚªÑ¥÷¦³­­¤½¥q,348330000 
3652,ºëÁp¹q¤lªÑ¥÷¦³­­¤½¥q,476000000 
4102,¥Ã¤é¤Æ¾Ç¤u·~ªÑ¥÷¦³­­¤½¥q,330506000 
4103,¦Ê²¤Âå¾Ç¬ì§ÞªÑ¥÷¦³­­¤½¥q,1222188610 
4105,¥xÆWªF¬vÃÄ«~¤u·~ªÑ¥÷¦³­­¤½¥q,1283018000 
4107,¨¹¯S¥Íª«¬ì§ÞªÑ¥÷¦³­­¤½¥q,782769360 
4109,¥[±¶¬ì§Þ¨Æ·~ªÑ¥÷¦³­­¤½¥q,448196150 
4111,ÀÙ¥Í¤Æ¾Ç»sÃÄ¼tªÑ¥÷¦³­­¤½¥q,479915940 
4113,Áp¤W¹ê·~ªÑ¥÷¦³­­¤½¥q,452100000 
4114,°·³ì«H¤¸ÂåÃÄ¥Í§ÞªÑ¥÷¦³­­¤½¥q,765486960 
4120,¤ÍµØ¥Í§ÞÂåÃÄªÑ¥÷¦³­­¤½¥q,692961970 
4121,Àu²±Âå¾Ç¬ì§ÞªÑ¥÷¦³­­¤½¥q,671117720 
4123,ÑÔ¼w¤jÃÄ¼tªÑ¥÷¦³­­¤½¥q,495269000 
4126,¤Ó¥­¬vÂå§÷ªÑ¥÷¦³­­¤½¥q,543466210 
4127,¤Ñ¨}¥Íª«¬ì§Þ¥ø·~ªÑ¥÷¦³­­¤½¥q,457600000 
4128,¤¤¤Ñ¥Íª«¬ì§ÞªÑ¥÷¦³­­¤½¥q,2239760430 
4129,Áp¦X°©¬ì¾¹§÷ªÑ¥÷¦³­­¤½¥q,463625000 
4131,´¹¦t¥Íª«¬ì§Þ¹ê·~ªÑ¥÷¦³­­¤½¥q,449776290 
4205,«í¸q­¹«~¹ê·~ªÑ¥÷¦³­­¤½¥q,600862500 
4207,Àô®õ¥ø·~ªÑ¥÷¦³­­¤½¥q,1193606940 
4303,«H¥ß¤Æ¾Ç¤u·~ªÑ¥÷¦³­­¤½¥q,700000000 
4304,³Ó¬R¬ì§ÞªÑ¥÷¦³­­¤½¥q,505272500 
4305,¥@©[¶ì½¦ªÑ¥÷¦³­­¤½¥q,550140000 
4401,ªF¶©¿³·~ªÑ¥÷¦³­­¤½¥q,1202862860 
4402,ºÖ¤j´Ö·~ªÑ¥÷¦³­­¤½¥q,1037474030 
4406,·s©ýÅÖºûªÑ¥÷¦³­­¤½¥q,519120000 
4408,Áp©ú¦æ°Ê¬ì§ÞªÑ¥÷¦³­­¤½¥q,576278000 
4413,­¸Ä_°Ê¯àªÑ¥÷¦³­­¤½¥q,1775291900 
4415,¬ü¹Å¥Í¹qªÑ¥÷¦³­­¤½¥q,277048910 
4416,¤T¶ê«Ø³]ªÑ¥÷¦³­­¤½¥q,600000000 
4417,ª÷¬w®ü¬v¬ì§ÞªÑ¥÷¦³­­¤½¥q,632815170 
4419,ªQÀ·¤u·~ªÑ¥÷¦³­­¤½¥q,332981940 
4420,¥ú©úµ·Â´¼tªÑ¥÷¦³­­¤½¥q,298070000 
4426,§Q¶Ô¹ê·~ªÑ¥÷¦³­­¤½¥q,535007540 
4502,·½«í¤u·~ªÑ¥÷¦³­­¤½¥q,752438580 
4503,ª÷«B¥ø·~ªÑ¥÷¦³­­¤½¥q,367633260 
4506,±R¤Í¹ê·~(ªÑ)¤½¥q,1966800000 
4510,°ª¾W¤u·~ªÑ¥÷¦³­­¤½¥q,881785150 
4513,ºÖ¸Î¨Æ·~ªÑ¥÷¦³­­¤½¥q,648803000 
4523,¥Ã¹ü¾÷¹qªÑ¥÷¦³­­¤½¥q,540000000 
4527,úaÀM§N­á¾÷±ñªÑ¥÷¦³­­¤½¥q,524091670 
4528,¦¿¿³ÁëÀ£¤u·~ªÑ¥÷¦³­­¤½¥q,635174540 
4529,¤OªZ¹q¾÷ªÑ¥÷¦³­­¤½¥q,569183680 
4530,§»©öºë±K¤u·~ªÑ¥÷¦³­­¤½¥q,650341000 
4533,¨ó©ö¾÷±ñ¤u·~ªÑ¥÷¦³­­¤½¥q,1130811100 
4534,¼yÄËºë±K¬ì§ÞªÑ¥÷¦³­­¤½¥q,638630860 
4535,¦Ü¿³ºë¾÷ªÑ¥÷¦³­­¤½¥q,720588000 
4609,­ð¾W¹ê·~ªÑ¥÷¦³­­¤½¥q,479468200 
4702,¤¤¬üÁp¦X¹ê·~ªÑ¥÷¦³­­¤½¥q,610256310 
4703,ª÷¬ü§J¯à¤Æ¾Ç¤u·~ªÑ¥÷¦³­­¤½¥q,684075200 
4706,¤j®¥¤Æ¾Ç¤u·~ªÑ¥÷¦³­­¤½¥q,790300930 
4707,½Y¨ÈªÑ¥÷¦³­­¤½¥q,2275124920 
4711,¥Ã¯Â¤Æ¾Ç¤u·~ªÑ¥÷¦³­­¤½¥q,610560000 
4712,«n¼ýªÑ¥÷¦³­­¤½¥q,600866000 
4714,¥Ã±¶°ª¤À¤l¤u·~ªÑ¥÷¦³­­¤½¥q,424446790 
4716,¤j¥ß°ª¤À¤l¤u·~ªÑ¥÷¦³­­¤½¥q,536910170 
4720,¼w²W¥ø·~ªÑ¥÷¦³­­¤½¥q,680013600 
4721,¬üµXº¿°ê»ÚªÑ¥÷¦³­­¤½¥q,675044870 
4722,°êºë¤Æ¾ÇªÑ¥÷¦³­­¤½¥q,607468810 
4729,º·­Z¥ú¾ÇªÑ¥÷¦³­­¤½¥q,635000000 
4733,¤W½n¥ø·~ªÑ¥÷¦³­­¤½¥q,600000000 
4801,½X´µ¯S¬ì§ÞªÑ¥÷¦³­­¤½¥q,290044490 
4903,Áp¦X¥úÅÖ³q«HªÑ¥÷¦³­­¤½¥q,729969500 
4905,¥xÁp¹q°TªÑ¥÷¦³­­¤½¥q,563500000 
4907,¥¿µØ³q°TªÑ¥÷¦³­­¤½¥q,289577780 
4908,«e¹©¥ú¹qªÑ¥÷¦³­­¤½¥q,667607500 
4909,·s´_¿³·Lªi³q°TªÑ¥÷¦³­­¤½¥q,808911210 
5007,¤T¬P¬ì§ÞªÑ¥÷¦³­­¤½¥q,2199568590 
5009,ºa­è§÷®Æ¬ì§ÞªÑ¥÷¦³­­¤½¥q,3311701060 
5011,¤[¶§ºë±KªÑ¥÷¦³­­¤½¥q,3243735000 
5013,±j·s¤u·~ªÑ¥÷¦³­­¤½¥q,871620000 
5014,«Øëù¹ê·~ªÑ¥÷¦³­­¤½¥q,1241172140 
5015,µØ¸R¤u·~ªÑ¥÷¦³­­¤½¥q,606391890 
5016,ªQ©M¤u·~ªÑ¥÷¦³­­¤½¥q,451109780 
5102,´I±j½ü­L¤u¼tªÑ¥÷¦³­­¤½¥q,581270440 
5201,³Í½Ã¸ê°TªÑ¥÷¦³­­¤½¥q,256746000 
5202,¤O·s°ê»Ú¬ì§ÞªÑ¥÷¦³­­¤½¥q,606940000 
5204,±o±¶ªÑ¥÷¦³­­¤½¥q,350680520 
5205,º~±d¬ì§ÞªÑ¥÷¦³­­¤½¥q,209670000 
5206,¸g½n¬ì§ÞªÑ¥÷¦³­­¤½¥q,456782940 
5209,·s¹©¨t²ÎªÑ¥÷¦³­­¤½¥q,213050000 
5210,Ä_ºÓ°]°È¬ì§ÞªÑ¥÷¦³­­¤½¥q,664072620 
5211,»X«ï¬ì§ÞªÑ¥÷¦³­­¤½¥q,320247270 
5212,­âºô¬ì§ÞªÑ¥÷¦³­­¤½¥q,338200000 
5213,¨È©ý°ê»Ú¶}µoªÑ¥÷¦³­­¤½¥q,1028433130 
5301,²»¸Î¹q¤lªÑ¥÷¦³­­¤½¥q,452324120 
5302,¤ÓªY¥b¾ÉÅé,1625940000 
5304,¹©³Ð¹FªÑ¥÷¦³­­¤½¥q,1859624360 
5306,°T±d¬ì§ÞªÑ¥÷¦³­­¤½¥q,803317170 
5309,¨t²Î¹q¤l¤u·~ªÑ¥÷¦³­­¤½¥q,1305372290 
5310,¤Ñ­è¸ê°TªÑ¥÷¦³­­¤½¥q,110405930 
5312,Ä_®q¥ú¾Ç¬ì§ÞªÑ¥÷¦³­­¤½¥q,600598980 
5314,¥@¬ö¥Á¥Í¬ì§ÞªÑ¥÷¦³­­¤½¥q,1115752980 
5315,¥úÁp¬ì§ÞªÑ¥÷¦³­­¤½¥q,2351583210 
5317,³Í¬ü¹q¾÷ªÑ¥÷¦³­­¤½¥q,1363894690 
5318,¨Î¹©¬ì§ÞªÑ¥÷¦³­­¤½¥q,115219490 
5321,¤Í»Í¹q¤lªÑ¥÷¦³­­¤½¥q(­ì¤E¼w),1501704590 
5324,¼wÂ×³Ð·s°ê»Ú(ªÑ)¤½¥q(­ìµØ©ý),475200340 
5326,º~½U¬ì§ÞªÑ¥÷¦³­­¤½¥q,3266383080 
5328,µØ®eªÑ¥÷¦³­­¤½¥q,1674953000 
5340,«Øºa¤u·~§÷®ÆªÑ¥÷¦³­­¤½¥q,1948939640 
5344,¥ß½Ã¬ì§ÞªÑ¥÷¦³­­¤½¥q,743890070 
5345,¤Ñ´­ºë±K³³²¡ªÑ¥÷¦³­­¤½¥q,500000000 
5346,¤O´¹¥b¾ÉÅéªÑ¥÷¦³­­¤½¥q,86290943350 
5347,¥@¬É¥ý¶i¿nÅé¹q¸ôªÑ¥÷¦³­­¤½¥q,16774860320 
5348,¨t³q¬ì§ÞªÑ¥÷¦³­­¤½¥q,217503100 
5349,¥ýÂ×³q°TªÑ¥÷¦³­­¤½¥q,2012650810 
5351,à±³Ð¬ì§ÞªÑ¥÷¦³­­¤½¥q,4179967380 
5353,¥xªL³q«HªÑ¥÷¦³­­¤½¥q,971910850 
5355,¨ÎÁ`¿³·~ªÑ¥÷¦³­­¤½¥q,1379952530 
5356,¨ó¯q¹q¤lªÑ¥÷¦³­­¤½¥q,1400000000 
5364,¯EÄË¬ì§ÞªÑ¥÷¦³­­¤½¥q,1890538410 
5371,¤¤±j¥ú¹qªÑ¥÷¦³­­¤½¥q,7240385180 
5381,¦X¥¿¬ì§ÞªÑ¥÷¦³­­¤½¥q,2612823830 
5383,ª÷§Qºë±K¤u·~ªÑ¥÷¦³­­¤½¥q,693342080 
5384,±¶¤¸ªÑ¥÷¦³­­¤½¥q,923395000 
5386,«C¶³°ê»Ú¬ì§ÞªÑ¥÷¦³­­¤½¥q,349398310 
5387,­Z¼w¬ì§ÞªÑ¥÷¦³­­¤½¥q,72670164240 
5392,À³µØºë±K¬ì§ÞªÑ¥÷¦³­­¤½¥q,736093630 
5395,¶ê¤è³Ð·sªÑ¥÷¦³­­¤½¥q(­ì´¶´­),1030235000 
5398,¤OÞ³¹ê·~ªÑ¥÷¦³­­¤½¥q,417505410 
5403,¤¤µá¹q¸£ªÑ¥÷¦³­­¤½¥q,551053060 
5410,°ê²³¹q¸£ªÑ¥÷¦³­­¤½¥q,821802500 
5425,¥xÆW¥b¾ÉÅéªÑ¥÷¦³­­¤½¥q,2439668960 
5426,®¶µo¹ê·~ªÑ¥÷¦³­­¤½¥q,1500000000 
5432,¹F«Â¥ú¹qªÑ¥÷¦³­­¤½¥q,111228990 
5438,ªF¤Í¬ì§ÞªÑ¥÷¦³­­¤½¥q,1125365650 
5439,°ª§Þ¥ø·~ªÑ¥÷¦³­­¤½¥q,757046140 
5443,§¡»¨ºë±K¤u·~ªÑ¥÷¦³­­¤½¥q,2272601800 
5450,Ä_Áp¹q¸£ªÑ¥÷¦³­­¤½¥q,503922500 
5452,Ë¸Àu¬ì§ÞªÑ¥÷¦³­­¤½¥q,1268528000 
5455,°T§Q¹q·~ªÑ¥÷¦³­­¤½¥q,365000000 
5457,«Å¼w¬ì§ÞªÑ¥÷¦³­­¤½¥q,2399875920 
5460,¦P¨ó¹q¤lªÑ¥÷¦³­­¤½¥q,720320300 
5464,ÀM§»¬ì§ÞªÑ¥÷¦³­­¤½¥q,600000000 
5465,´I÷~¥ø·~ªÑ¥÷¦³­­¤½¥q,2377200000 
5466,®õªL¬ì§ÞªÑ¥÷¦³­­¤½¥q,2442334500 
5467,ÁpºÖ¥Í¬ì§ÞªÑ¥÷¦³­­¤½¥q,1111776190 
5468,³Íà±¬ì§ÞªÑ¥÷¦³­­¤½¥q,781025090 
5474,Áo®õ¬ì§Þ¶}µoªÑ¥÷¦³­­¤½¥q,337297870 
5475,¼w§»¤u·~ªÑ¥÷¦³­­¤½¥q,1884576250 
5478,´¼«a¬ì§ÞªÑ¥÷¦³­­¤½¥q,1269000010 
5480,²Î·ù¹q¤lªÑ¥÷¦³­­¤½¥q,1352061000 
5481,µØöq¹q¤l¤u·~ªÑ¥÷¦³­­¤½¥q,1022818910 
5483,¤¤¬üª¿´¹»s«~ªÑ¥÷¦³­­¤½¥q,2993172760 
5487,³q®õ¿nÅé¹q¸ôªÑ¥÷¦³­­¤½¥q,452190310 
5488,ªQ´¶¬ì§ÞªÑ¥÷¦³­­¤½¥q,915861240 
5489,±m´I¹q¤lªÑ¥÷¦³­­¤½¥q,1003153240 
5490,¦P¦ë¬ì§ÞªÑ¥÷¦³­­¤½¥q,948470000 
5491,³s®i¬ì§ÞªÑ¥÷¦³­­¤½¥q,1671929100 
5493,¤TÁp¬ì§ÞªÑ¥÷¦³­­¤½¥q,381024930 
5498,³Í´Q¹q¤lªÑ¥÷¦³­­¤½¥q,1590768480 
5505,©M©ô«Ø³]ªÑ¥÷¦³­­¤½¥q,470000000 
5506,ªøÂEÀç³yªÑ¥÷¦³­­¤½¥q,661518000 
5508,¥Ã«H«Ø³]¶}µoªÑ¥÷¦³­­¤½¥q,1834601110 
5511,¼w©÷Àç³yªÑ¥÷¦³­­¤½¥q,823084500 
5512,¤OÄQ«Ø³]ªÑ¥÷¦³­­¤½¥q,4278671490 
5514,¤TÂ×«Ø³]ªÑ¥÷¦³­­¤½¥q,986627880 
5516,Âù³ßÀç³yªÑ¥÷¦³­­¤½¥q,382950000 
5519,¶©¤jÀç«Ø¨Æ·~ªÑ¥÷¦³­­¤½¥q,658800000 
5520,¤O®õ«Ø³]¥ø·~ªÑ¥÷¦³­­¤½¥q,709591120 
5521,¤u«H¤uµ{ªÑ¥÷¦³­­¤½¥q,3475274130 
5523,§»³£«Ø³]ªÑ¥÷¦³­­¤½¥q,1093232000 
5529,§Ó¹Å«Ø³]ªÑ¥÷¦³­­¤½¥q,441738000 
5530,¤jº~«Ø³]ªÑ¥÷¦³­­¤½¥q,3072350000 
5601,»OÁp³fÂd³q¹BªÑ¥÷¦³­­¤½¥q,720000000 
5603,³°®üªÑ¥÷¦³­­¤½¥q,629314950 
5604,¤¤³s¨T¨®³f¹BªÑ¥÷¦³­­¤½¥q,1087829680 
5609,¤¤µá¦æ¯èªÅ³f¹B©ÓÅóªÑ¥÷¦³­­¤½¥q,1160000000 
5701,¼C´ò¤s¥@¬ÉªÑ¥÷¦³­­¤½¥q,4714242420 
5703,¨È³£ÄR½o¤j¶º©±ªÑ¥÷¦³­­¤½¥q,702395940 
5704,ª¾¥»¦Ñ·Ý¤j°s©±ªÑ¥÷¦³­­¤½¥q,597871650 
5706,»ñ°Ä°ê»Ú®È¦æªÀªÑ¥÷¦³­­¤½¥q,351307080 
5820,¤é²±ª÷¿Ä±±ªÑªÑ¥÷¦³­­¤½¥q,49628234820 
5902,¼w°O¬v¦æªÑ¥÷¦³­­¤½¥q,945000000 
5903,¥þ®a«K§Q°Ó©±ªÑ¥÷¦³­­¤½¥q,2232200000 
5904,Ä_¶®°ê»ÚªÑ¥÷¦³­­¤½¥q,730587670 
5905,«n¤¯´ò¨|¼ÖªÑ¥÷¦³­­¤½¥q,1747898170 
6008,³Í°òÃÒ¨éªÑ¥÷¦³­­¤½¥q,32072362160 
6015,§»»·ÃÒ¨éªÑ¥÷¦³­­¤½¥q,4299000000 
6016,±d©Mºî¦XÃÒ¨éªÑ¥÷¦³­­¤½¥q,6554250900 
6020,¤j®iÃÒ¨éªÑ¥÷¦³­­¤½¥q,2325835520 
6021,¤j¼yÃÒ¨éªÑ¥÷¦³­­¤½¥q,2655895870 
6022,¤j²³ºî¦XÃÒ¨éªÑ¥÷¦³­­¤½¥q,3127762610 
6023,Ä_¨Ó°Ò¤ó´Á³fªÑ¥÷¦³­­¤½¥q,1312762880 
6024,¸s¯q´Á³fªÑ¥÷¦³­­¤½¥q,752268000 
6101,¥°±¶¹q¸ôªÑ¥÷¦³­­¤½¥q,1043650000 
6103,¦X¨¹¹q¤lªÑ¥÷¦³­­¤½¥q,233849740 
6104,³Ð±©¬ì§ÞªÑ¥÷¦³­­¤½¥q,844181840 
6105,·ç¶Ç¬ì§ÞªÑ¥÷¦³­­¤½¥q,1099656090 
6107,µØ¬ü¹q¤lªÑ¥÷¦³­­¤½¥q,350299000 
6109,¨È¤¸¬ì§ÞªÑ¥÷¦³­­¤½¥q,425735180 
6111,¤j¦t¸ê°TªÑ¥÷¦³­­¤½¥q,299283300 
6113,¨Èª¿¬ì§ÞªÑ¥÷¦³­­¤½¥q,556071000 
6114,µ¾ª@¹q¤lªÑ¥÷¦³­­¤½¥q,354574480 
6118,«Ø¹F°ê»ÚªÑ¥÷¦³­­¤½¥q,882190030 
6121,·s´¶¬ì§ÞªÑ¥÷¦³­­¤½¥q,2316184810 
6122,Àº¨¹°ê»Ú¬ì§Þ¤uµ{ªÑ¥÷¦³­­¤½¥q,629502570 
6123,¤W©_¬ì§ÞªÑ¥÷¦³­­¤½¥q,425473120 
6124,·~±j¬ì§ÞªÑ¥÷¦³­­¤½¥q,1924799450 
6125,¼s¹B¾÷±ñ¤uµ{ªÑ¥÷¦³­­¤½¥q,1726536730 
6126,«H­µ¥ø·~ªÑ¥÷¦³­­¤½¥q,798844190 
6127,¤E»¨ºë±K³³²¡ªÑ¥÷¦³­­¤½¥q,811475510 
6129,´¶¸Û¬ì§ÞªÑ¥÷¦³­­¤½¥q,1789621750 
6130,¨È¥þ¬ì§ÞªÑ¥÷¦³­­¤½¥q,1076072330 
6134,¸U¦°¹q·~ªÑ¥÷¦³­­¤½¥q,689850000 
6135,¨ÎÀç¹q¤lªÑ¥÷¦³­­¤½¥q,761888750 
6138,­Z¹F¹q¤lªÑ¥÷¦³­­¤½¥q,1264060520 
6140,°T¹F¹q¸£ªÑ¥÷¦³­­¤½¥q,356446530 
6143,®¶Â`¬ì§ÞªÑ¥÷¦³­­¤½¥q,683283500 
6144,±o§Q¼vµøªÑ¥÷¦³­­¤½¥q,624314730 
6146,¯Ñ¿³ªÑ¥÷¦³­­¤½¥q,778930130 
6147,àà¨¹¬ì§ÞªÑ¥÷¦³­­¤½¥q,3195593640 
6148,÷~§»¸ê³qªÑ¥÷¦³­­¤½¥q,880000000 
6150,¾Ù°T¬ì§ÞªÑ¥÷¦³­­¤½¥q,642777120 
6151,®Ê­Û¬ì§ÞªÑ¥÷¦³­­¤½¥q,445670000 
6152,¦Ê¤@¹q¤lªÑ¥÷¦³­­¤½¥q,1396400290 
6154,¶¶µo¹q¸£ªÑ¥÷¦³­­¤½¥q,800800000 
6156,¬ì¾ô¹q¤lªÑ¥÷¦³­­¤½¥q,1315720260 
6158,¥Ý©÷¿³·~ªÑ¥÷¦³­­¤½¥q,1146189750 
6160,ªY§Þ¸ê°TªÑ¥÷¦³­­¤½¥q,709811200 
6161,±¶ªi¸ê°TªÑ¥÷¦³­­¤½¥q,1011042390 
6163,µØ¹qÁpºôªÑ¥÷¦³­­¤½¥q,922029290 
6167,¤[¥¿¥ú¹qªÑ¥÷¦³­­¤½¥q,1621732210 
6169,¬R¬u°ê»ÚªÑ¥÷¦³­­¤½¥q,279410000 
6170,²Î®¶ªÑ¥÷¦³­­¤½¥q,816245790 
6171,¥xÆW¨È¾U¤hªÑ¥÷¦³­­¤½¥q,273519210 
6173,«H©÷¹q¤l³³²¡ªÑ¥÷¦³­­¤½¥q,1634127230 
6174,¦wùÖ¬ì§ÞªÑ¥÷¦³­­¤½¥q,716874580 
6175,¥ß´°¬ì§Þ(ªÑ)¦³­­¤½¥q,936789070 
6177,¹FÄR«Ø³]¨Æ·~ªÑ¥÷¦³­­¤½¥q,558570590 
6179,¥@¥õ¬ì§ÞªÑ¥÷¦³­­¤½¥q,729120000 
6180,¹CÀ¸¾ï¤l¼Æ¦ì¬ì§ÞªÑ¥÷¦³­­¤½¥q,1589058600 
6182,¦X´¹¬ì§ÞªÑ¥÷¦³­­¤½¥q,2565424500 
6183,Ãö¶Tºô¸ôªÑ¥÷¦³­­¤½¥q,1500000000 
6185,´Wµ¾ºë±KªÑ¥÷¦³­­¤½¥q,902844000 
6186,´¹½U¿³·~ªÑ¥÷¦³­­¤½¥q,720688310 
6187,¸U¼í¬ì§ÞªÑ¥÷¦³­­¤½¥q,609464020 
6188,¼s©ú¥ú¹qªÑ¥÷¦³­­¤½¥q,2851209100 
6190,¸U®õ¬ì§ÞªÑ¥÷¦³­­¤½¥q,1126942620 
6194,¨|´I¹q¤lªÑ¥÷¦³­­¤½¥q,1128000000 
6195,¦°®i¹q¤lªÑ¥÷¦³­­¤½¥q,229682020 
6198,­â®õ¬ì§ÞªÑ¥÷¦³­­¤½¥q,298179990 
6199,ºë«Â¬ì§ÞªÑ¥÷¦³­­¤½¥q,631842860 
6203,®üÃý¹q¤l¤u·~ªÑ¥÷¦³­­¤½¥q,596088290 
6204,¥xÆW¦ãµØ¹q¤l¤u·~ªÑ¥÷¦³­­¤½¥q,367000000 
6207,¹p¬ìªÑ¥÷¦³­­¤½¥q,715918040 
6208,¤é´­¬ì§ÞªÑ¥÷¦³­­¤½¥q,969802870 
6210,¼y¥Í¹q¤lªÑ¥÷¦³­­¤½¥q,350480000 
6211,ºÖµnºë±K¤u·~ªÑ¥÷¦³­­¤½¥q,467347630 
6212,²z»Ê¶}µoªÑ¥÷¦³­­¤½¥q,1020000000 
6214,ºë¸Û¸ê°TªÑ¥÷¦³­­¤½¥q,2646529040 
6217,¤¤°ê±´°wªÑ¥÷¦³­­¤½¥q,394752000 
6218,»¨«j¬ì§ÞªÑ¥÷¦³­­¤½¥q,508000000 
6219,´I©ô(µø¹F)°ê»Ú¶}µoªÑ¥÷¦³­­¤½¥q,1221045730 
6220,©¨Â×¬ì§ÞªÑ¥÷¦³­­¤½¥q,1020005970 
6221,®Ê®õ¬ì§ÞªÑ¥÷¦³­­¤½¥q,316976680 
6222,¤W´­¬ì§ÞªÑ¥÷¦³­­¤½¥q,291272930 
6223,©ôª¿¬ì§ÞªÑ¥÷¦³­­¤½¥q,733111190 
6227,­ZºúªÑ¥÷¦³­­¤½¥q,761117860 
6228,¥þÃÐ¬ì§ÞªÑ¥÷¦³­­¤½¥q,411146270 
6229,¬ã³q¬ì§ÞªÑ¥÷¦³­­¤½¥q,353169780 
6230,¶W²³¬ì§ÞªÑ¥÷¦³­­¤½¥q,863433960 
6231,¨t·LªÑ¥÷¦³­­¤½¥q,331003350 
6233,©ô¨h¬ì§ÞªÑ¥÷¦³­­¤½¥q,862459360 
6234,°ª¹´¦Û°Ê¤Æ¬ì§ÞªÑ¥÷¦³­­¤½¥q,715885890 
6236,­â¶V¬ì§ÞªÑ¥÷¦³­­¤½¥qŽi,126349480 
6237,÷~°T¹q¤l¥ø·~ªÑ¥÷¦³­­¤½¥q,642563710 
6238,³ÓÄR°ê»Ú(ªÑ)¤½¥q(­ì¥¨¹Ï¬ì§Þ),343114700 
6240,ªQ±^¸ê²£ºÞ²zªÑ¥÷¦³­­¤½¥q,1658869560 
6241,©ö³q®i¬ì§ÞªÑ¥÷¦³­­¤½¥q(­ì¨É©Ó),301656000 
6242,Áp»¨¬ì§ÞªÑ¥÷¦³­­¤½¥q,338106630 
6243,¨³ªN¬ì§ÞªÑ¥÷¦³­­¤½¥q,745558270 
6244,­Z­}ªÑ¥÷¦³­­¤½¥q,3011173340 
6245,¥ßºÝ¬ì§ÞªÑ¥÷¦³­­¤½¥q,643405600 
6246,»OÀs¹q¤lªÑ¥÷¦³­­¤½¥q,1333740000 
6247,²NÅA¹q¤l¬ì§ÞªÑ¥÷¦³­­¤½¥q,603210000 
6248,¥x¥_¨Kªi¹q¤lªÑ¥÷¦³­­¤½¥q,504651380 
6250,¦t¥[¬ì§ÞªÑ¥÷¦³­­¤½¥q,80093400 
6259,¦ÊÀ²ªÑ¥÷¦³­­¤½¥q,564904770 
6261,¤[¤¸¹q¤lªÑ¥÷¦³­­¤½¥q,940021640 
6263,´¶µÜ¼w¬ì§ÞªÑ¥÷¦³­­¤½¥q,564646000 
6264,¼w¤h³q¬ì§ÞªÑ¥÷¦³­­¤½¥q,590351440 
6265,¤è¤gÎëªÑ¥÷¦³­­¤½¥q,1099610610 
6266,®õµú¹q¤lªÑ¥÷¦³­­¤½¥q,683616990 
6270,­¿·L¬ì§ÞªÑ¥÷¦³­­¤½¥q,744705670 
6274,¥xïú¬ì§ÞªÑ¥÷¦³­­¤½¥q,2322880580 
6275,¤¸¤s¬ì§Þ¤u·~ªÑ¥÷¦³­­¤½¥q,366199370 
6276,¦WÄÁ¬ì§ÞªÑ¥÷¦³­­¤½¥q,439817360 
6278,¥xÆWªí­±ÂHµÛ¬ì§ÞªÑ¥÷¦³­­¤½¥q,1787765770 
6279,­J³sºë±KªÑ¥÷¦³­­¤½¥q,736842870 
6284,¨Î¨¹¬ì§ÞªÑ¥÷¦³­­¤½¥q,1029897270 
6287,¤¸¶©¹q¤lªÑ¥÷¦³­­¤½¥q,2560316120 
6290,¨}ºû¬ì§ÞªÑ¥÷¦³­­¤½¥q,1120128990 
6291,¨K¦ë¥b¾ÉÅéªÑ¥÷¦³­­¤½¥q,493230290 
6292,¨³¼w¿³·~ªÑ¥÷¦³­­¤½¥q,488177120 
6294,´¼°ò¬ì§Þ¶}µoªÑ¥÷¦³­­¤½¥q,1682634930 
6298,´Q±j¬ì§ÞªÑ¥÷¦³­­¤½¥q,1657913720 
6508,´f¥ú¤Æ¾ÇªÑ¥÷¦³­­¤½¥q,703661150 
6509,»E©M°ê»ÚªÑ¥÷¦³­­¤½¥q,1450661290 
6603,´I±jøÊºë±K¤u·~ªÑ¥÷¦³­­¤½¥q,777504330 
6609,¥xÆWò]¿A¬ì§ÞªÑ¥÷¦³­­¤½¥q,589665380 
8024,¦öµØ·L¹q¤lªÑ¥÷¦³­­¤½¥q,562895000 
8032,¥úµÙ¹q¤lªÑ¥÷¦³­­¤½¥q,518103000 
8034,ºa¸s¹q°TªÑ¥÷¦³­­¤½¥q,637047250 
8039,¥x­i¬ì§ÞªÑ¥÷¦³­­¤½¥q,1635312220 
8040,¤E·z¹q¤lªÑ¥÷¦³­­¤½¥q,841294740 
8042,»OÆWª÷¤s¹q¤l¤u·~ªÑ¥÷¦³­­¤½¥q,877725880 
8043,»e±æ¹ê¥ø·~ªÑ¥÷¦³­­¤½¥q,918473210 
8044,ºô¸ô®a®x°ê»Ú¸ê°TªÑ¥÷¦³­­¤½¥q,559818730 
8047,¬P¶³¹q¸£ªÑ¥÷¦³­­¤½¥q,495638430 
8048,¼w³Ó¬ì§ÞªÑ¥÷¦³­­¤½¥q,435487290 
8049,´¹ªö¥ú¹q¬ì§ÞªÑ¥÷¦³­­¤½¥q,727002650 
8050,¼s¿n¬ì§ÞªÑ¥÷¦³­­¤½¥q,615745520 
8053,¥¨À¼¬ì§ÞªÑ¥÷¦³­­¤½¥q,4118176360 
8054,¦w°ê°ê»Ú¬ì§ÞªÑ¥÷¦³­­¤½¥q,752958280 
8064,ªF±¶¬ì§ÞªÑ¥÷¦³­­¤½¥q,1312928360 
8066,ºÖ°¥¬ì§ÞªÑ¥÷¦³­­¤½¥q(­ìºÖ¸¶),1113210000 
8067,§Ó¦°°ê»ÚªÑ¥÷¦³­­¤½¥q,447554390 
8068,¥þ¹F°ê»ÚªÑ¥÷¦³­­¤½¥q,306600000 
8069,¤¸¤Ó¬ì§Þ¤u·~ªÑ¥÷¦³­­¤½¥q,8326016100 
8071,Â×Án¬ì§ÞªÑ¥÷¦³­­¤½¥q,337742830 
8074,¹d¾ó¥ø·~ªÑ¥÷¦³­­¤½¥q,476333630 
8076,¥îÂ×¬ì§ÞªÑ¥÷¦³­­¤½¥q,1540952830 
8077,«aµØ¬ì§ÞªÑ¥÷¦³­­¤½¥q,891361300 
8079,¸Û»·¬ì§ÞªÑ¥÷¦³­­¤½¥q,624515980 
8080,¥xÆW¶ø´µ¯SªÑ¥÷¦³­­¤½¥q,477175700 
8083,·ç¿oªÑ¥÷¦³­­¤½¥q,301331930 
8084,¥¨­i¹q¤lªÑ¥÷¦³­­¤½¥q,404765440 
8085,ºÖµØ¹q¤lªÑ¥÷¦³­­¤½¥q,1572572420 
8086,§»±¶¬ì§ÞªÑ¥÷¦³­­¤½¥q,1139405000 
8087,µØÁâøÊ¬ì§ÞªÑ¥÷¦³­­¤½¥q,352186350 
8088,«~¦w¬ì§ÞªÑ¥÷¦³­­¤½¥q,417784689 
8091,µ¾¦W¬ì§ÞªÑ¥÷¦³­­¤½¥q,370000000 
8092,«ØÝÂºë±K¬ì§ÞªÑ¥÷¦³­­¤½¥q,283428170 
8093,«O¾U¬ì§ÞªÑ¥÷¦³­­¤½¥q,642084930 
8096,Àº¨È°ê»Ú¬ì§ÞªÑ¥÷¦³­­¤½¥q,931887080 
8097,ÂEªQºë±K¬ì§ÞªÑ¥÷¦³­­¤½¥q,403504210 
8099,¤j¦P¥@¬É¬ì§ÞªÑ¥÷¦³­­¤½¥q,672000000 
8107,¤j»õ¬ì§ÞªÑ¥÷¦³­­¤½¥q,1716726060 
8109,³Õ¤j¬ì§ÞªÑ¥÷¦³­­¤½¥q,445794630 
8111,¥ßùÖ¹q¤l¤u·~ªÑ¥÷¦³­­¤½¥q,835883060 
8114,®¶¾ì¹q¤lªÑ¥÷¦³­­¤½¥q,549472020 
8121,¶V®p¹q¤l§÷®ÆªÑ¥÷¦³­­¤½¥q,1148542100 
8182,¥[°ª¹q¤lªÑ¥÷¦³­­¤½¥q,818705720 
8183,¥xÆWºë¬P¬ì§ÞªÑ¥÷¦³­­¤½¥q,1151260680 
8210,¶Ô¸Û¿³·~ªÑ¥÷¦³¤½¥q,1115108790 
8234,·sº~¹q¸£ªÑ¥÷¦³­­¤½¥q,808609160 
8240,µØ§»·s§ÞªÑ¥÷¦³­­¤½¥q,761144600 
8255,ªBµ{¬ì§ÞªÑ¥÷¦³­­¤½¥q,540090000 
8261,´I¹©¥ý¶i¹q¤lªÑ¥÷¦³­­¤½¥q,1382331120 
8266,¤¤¤é·s¬ì§ÞªÑ¥÷¦³­­¤½¥q,701096500 
8277,°Ó¥à¬ì§ÞªÑ¥÷¦³­­¤½¥q,448251660 
8287,­^®æº¸¬ì§ÞªÑ¥÷¦³­­¤½¥q,471055900 
8289,®õÃÀ¹q¤lªÑ¥÷¦³­­¤½¥q,727159340 
8299,¸sÁp¹q¤lªÑ¥÷¦³­­¤½¥q,1467272860 
8349,¤Í«H°ê»ÚªÑ¥÷¦³­­¤½¥q,621727400 
8354,«a°q¥ø·~ªÑ¥÷¦³­­¤½¥q,475340000 
8383,¤dªþ¹ê·~ªÑ¥÷¦³­­¤½¥q,936230160 
8390,ª÷¯q¹©¥ø·~ªÑ¥÷¦³­­¤½¥q,563684020 
8705,ªF¶©¤­ª÷¤u·~ªÑ¥÷¦³­­¤½¥q,919562860 
8905,¸Î°ê§N­á§NÂÃªÑ¥÷¦³­­¤½¥q,1194400000 
8906,ªá¤ý¥ø·~ªÑ¥÷¦³­­¤½¥q,513216000 
8908,ªY¶¯¤ÑµM®ðªÑ¥÷¦³­­¤½¥q,760470720 
8913,µØ®L¸ê¿ÄªÑ¥÷¦³­­¤½¥q,351646320 
8916,¥ú¶©¹ê·~ªÑ¥÷¦³­­¤½¥q,832725000 
8917,ªY®õ¥Ûªo®ðªÑ¥÷¦³­­¤½¥q,1005733800 
8921,¨H¤óÃÀ³N¦L¨êªÑ¥÷¦³­­¤½¥q,465921590 
8923,®É³ø¤å¤Æ¥Xª©¥ø·~ªÑ¥÷¦³­­¤½¥q,303758000 
8924,¤j¥Ðºë±K¤u·~ªÑ¥÷¦³­­¤½¥q,1212632820 
8925,°¶·ù¤u·~ªÑ¥÷¦³­­¤½¥q,2248073460 
8927,¥_°ò¥[ªo¯¸ªÑ¥÷¦³­­¤½¥q,909570850 
8928,¹d©úªÑ¥÷¦³­­¤½¥q,635675190 
8929,´I³ù¤u·~ªÑ¥÷¦³­­¤½¥q,192063770 
8930,«C¿ûª÷ÄÝ«Ø§÷ªÑ¥÷¦³­­¤½¥q,434422480 
8931,¤j¶é¨T¹q¦@¥ÍªÑ¥÷¦³­­¤½¥q,1066238110 
8932,§»¤j©ÔÁåªÑ¥÷¦³­­¤½¥q,488000000 
8933,·R¦a¶®¤u·~ªÑ¥÷¦³­­¤½¥q,1143405820 
8934,¥@¤@¥¹¬ì§ÞªÑ¥÷¦³­­¤½¥q,650000000 
8935,¨¹®õ½Æ¦X§÷®ÆªÑ¥÷¦³­­¤½¥q,1519021070 
8936,°ê²Î°ê»ÚªÑ¥÷¦³­­¤½¥q,904792620 
8937,¦Xñ¯¤u·~ªÑ¥÷¦³­­¤½¥q,731168000 
8938,©ú¦w°ê»Ú¥ø·~ªÑ¥÷¦³­­¤½¥q,1293551260 
8941,Ãö¤¤ªÑ¥÷¦³­­¤½¥q,919501750 
8942,´Ë¹d¬ì§Þ§÷®ÆªÑ¥÷¦³­­¤½¥q,919799000 
8996,°ª¤O¼ö³B²z¤u·~ªÑ¥÷¦³­­¤½¥q,573150360 
9946,ª÷­²¬ì§ÞªÑ¥÷¦³­­¤½¥q,416800260 
9949,¯[¶éªÑ¥÷¦³­­¤½¥q,452000000 
9950,¸U°ê³q¸ôªÑ¥÷¦³­­¤½¥q,445200000 
9951,¬Ó¥Ð¤u·~ªÑ¥÷¦³­­¤½¥q,749000000 
9960,ÁÚ¹F±dºô¸ô¨Æ·~ªÑ¥÷¦³­­¤½¥q,250468900 
9962,¦³¯q¿ûÅKªÑ¥÷¦³­­¤½¥q,733200000 
1563,¥©·s¬ì§Þ¤u·~ªÑ¥÷¦³­­¤½¥q,2173109000 
1566,¼Ýª÷¤u·~ªÑ¥÷¦³­­¤½¥q,317728700 
1568,­Ü¦ö¹ê·~ªÑ¥÷¦³­­¤½¥q,816315590 
1577,¥ß®æ¾T·~ªÑ¥÷¦³­­¤½¥q,364870000 
1585,ñZ¹d¬ì§ÞªÑ¥÷¦³­­¤½¥q,419500000 
1757,°ê¼y¤Æ¾ÇªÑ¥÷¦³­­¤½¥q,509191330 
1760,Ä_ÄÖ´IÀA¥Í§ÞªÑ¥÷¦³­­¤½¥q,305402780 
1776,®i¦t¬ì§Þ§÷®ÆªÑ¥÷¦³­­¤½¥q,431250000 
1795,¬ü®É¤Æ¾Ç»sÃÄªÑ¥÷¦³­­¤½¥q,362231520 
1814,ªFÁp¥ú°T¬Á¼þªÑ¥÷¦³­­¤½¥q,367500000 
2056,¼ýÐÀ¿ûÅK¼tªÑ¥÷¦³­­¤½¥q,650000000 
2061,­·«C¹ê·~ªÑ¥÷¦³­­¤½¥q,337609500 
2063,¥@ñZºë±KªÑ¥÷¦³­­¤½¥q,232500000 
2229,´I®ü¤u·~ªÑ¥÷¦³­­¤½¥q,591079000 
2230,®õ­Z¹ê·~ªÑ¥÷¦³­­¤½¥q,300169980 
2597,¼í¥°ºë±K¤uµ{¨Æ·~ªÑ¥÷¦³­­¤½¥q,1200000000 
2599,¼Ö´­«Ø³]ªÑ¥÷¦³­­¤½¥q,758152960 
2626,­â¤Ñ¯èªÅªÑ¥÷¦³­­¤½¥q,168378090 
2633,¥xÆW°ª³tÅK¸ôªÑ¥÷¦³­­¤½¥q,105322243070 
2637,¼z¬v®ü¹BªÑ¥÷¦³­­¤½¥q,2200000000 
2718,®ç¶é¤j¶º©±ªÑ¥÷¦³­­¤½¥q,199200000 
2719,Àé¬P®È¹CºôªÑ¥÷¦³­­¤½¥q,177000000 
2722,®L³£°ê»Ú¶}µoªÑ¥÷¦³­­¤½¥q,566192810 
2897,»OÆW¤u·~»È¦æªÑ¥÷¦³­­¤½¥q,23905063010 
2920,®ü´º¥@¬É¥ø·~ªÑ¥÷¦³­­¤½¥q,1678322160 
3074,¸sÀô¬ì§ÞªÑ¥÷¦³­­¤½¥q,973616000 
3075,»õ®õ§Q¦h´CÅéªÑ¥÷¦³­­¤½¥q,164191100 
3092,ÂEºÓºë±K¹q¤uªÑ¥÷¦³­­¤½¥q,510798750 
3097,©çÀÉ¬ì§ÞªÑ¥÷¦³­­¤½¥q,614440000 
3105,Ã­À·¥b¾ÉÅéªÑ¥÷¦³­­¤½¥q,5936155280 
3122,²Æ¬u¬ì§ÞªÑ¥÷¦³­­¤½¥q,345779340 
3127,¯à¤¸¬ì§ÞªÑ¥÷¦³­­¤½¥q,2128096490 
3131,¥°¶ì¬ì§ÞªÑ¥÷¦³­­¤½¥q,200000000 
3138,Ä£µn¬ì§ÞªÑ¥÷¦³­­¤½¥q,408230000 
3141,´¹§»¥b¾ÉÅéªÑ¥÷¦³­­¤½¥q,581188970 
3149,¥¿¹F°ê»Ú¥ú¹qªÑ¥÷¦³­­¤½¥q,1352065430 
3161,©¯¨È¹q¤l¤u·~ªÑ¥÷¦³­­¤½¥q,434446280 
3167,¤j¶q¬ì§ÞªÑ¥÷¦³­­¤½¥q,473465560 
3168,²³ºÖ¬ì§ÞªÑ¥÷¦³­­¤½¥q,632170650 
3169,¨È«H¹q¤lªÑ¥÷¦³­­¤½¥q,467654220 
3176,°ò¨È¥Íª«¬ì§ÞªÑ¥÷¦³­­¤½¥q,797520050 
3178,¤½·Çºë±K¤u·~ªÑ¥÷¦³­­¤½¥q,499000000 
3186,Áp²Æ¹q¤lªÑ¥÷¦³­­¤½¥q,504541150 
3195,²ÎÄ_¥ú¹qªÑ¥÷¦³­­¤½¥q,42242746390 
3234,¥úÀô¬ì§ÞªÑ¥÷¦³­­¤½¥q,726686300 
3237,¥Ã¬v¬ì§ÞªÑ¥÷¦³­­¤½¥q,533063210 
3272,ªFºÓ¸ê°TªÑ¥÷¦³­­¤½¥q,264848000 
3285,·LºÝ¬ì§ÞªÑ¥÷¦³­­¤½¥q,406066220 
3307,»··~¬ì§ÞªÑ¥÷¦³­­¤½¥q,412366460 
3309,©Ý¬v¹ê·~ªÑ¥÷¦³­­¤½¥q,271181000 
3318,©M¥ú¥ú¾ÇªÑ¥÷¦³­­¤½¥q,440581480 
3334,¥D¦V¦ì¬ì§ÞªÑ¥÷¦³­­¤½¥q,309482940 
3338,®õºÓ¹q¤lªÑ¥÷¦³­­¤½¥q,593735680 
3342,­¸­i¿nÅé¹q¸ôªÑ¥÷¦³­­¤½¥q,403585090 
3349,Ä_¼w¬ì§ÞªÑ¥÷¦³­­¤½¥q,194984140 
3361,§Ö¯S¹qªiªÑ¥÷¦³­­¤½¥q,336063000 
3363,¤W¸à¥úÅÖ³q«HªÑ¥÷¦³­­¤½¥q,532890800 
3374,ºë§÷¬ì§ÞªÑ¥÷¦³­­¤½¥q,2255327490 
3379,±l¥x¬ì§ÞªÑ¥÷¦³­­¤½¥q,201912000 
3394,Às®õ¨Æ·~ªÑ¥÷¦³­­¤½¥q,272064000 
3396,´¶¾ì¬ì§ÞªÑ¥÷¦³­­¤½¥q,355770000 
3411,©y´­¬ì§ÞªÑ¥÷¦³­­¤½¥q,731717500 
3413,¨KøÊ¯à·½¬ì§ÞªÑ¥÷¦³­­¤½¥q,1080000000 
3414,ºa²³¬ì§ÞªÑ¥÷¦³­­¤½¥q,315000000 
3422,»õ®õ¿³¹q¤lªÑ¥÷¦³­­¤½¥q,251365070 
3423,»E¿³¬ì§ÞªÑ¥÷¦³­­¤½¥q,252581000 
3429,«Û¶§¬ì§ÞªÑ¥÷¦³­­¤½¥q,329550290 
3435,¼w¤§³Ç¬ì§ÞªÑ¥÷¦³­­¤½¥q,589637500 
3441,Áp¤@¥ú¾Ç¤u·~ªÑ¥÷¦³­­¤½¥q,274637850 
3472,¤Í¯þ¬ì§Þ¹ê·~ªÑ¥÷¦³­­¤½¥q,496000000 
3479,¦w¶Ô¬ì§ÞªÑ¥÷¦³­­¤½¥q,385252350 
3492,ªø²±¬ì§ÞªÑ¥÷¦³­­¤½¥q,368628000 
3496,¤jªB¹q¤l¤u·~ªÑ¥÷¦³­­¤½¥q,349361750 
3503,ªF¤S®®¥ø·~ªÑ¥÷¦³­­¤½¥q,459917430 
3505,Áp¦X½u¤WªÑ¥÷¦³­­¤½¥q,174718150 
3507,¤O¸s¹q¤lªÑ¥÷¦³­­¤½¥q,318000000 
3517,¬w½U¬ì§ÞªÑ¥÷¦³­­¤½¥q,1061350840 
3524,¥¿³Ô¹ê·~ªÑ¥÷¦³­­¤½¥q,417250000 
3528,¦w¹£¬ì§ÞªÑ¥÷¦³­­¤½¥q,337672500 
3529,¤O©ô¹q¤lªÑ¥÷¦³­­¤½¥q,604265790 
3530,´¹¬Û¥ú¹qªÑ¥÷¦³­­¤½¥q,218529000 
3537,³ù¹F¹ê·~ªÑ¥÷¦³­­¤½¥q,341000000 
3538,Â`ÄP¬ì§ÞªÑ¥÷¦³­­¤½¥q,532236700 
3541,¦è¬f¬ì§ÞªÑ¥÷¦³­­¤½¥q,292770500 
3543,¦{¥©¬ì§ÞªÑ¥÷¦³­­¤½¥q,722261500 
3544,«Å­Z¬ì§ÞªÑ¥÷¦³­­¤½¥q,610000000 
3547,³Í¹©¬ì§ÞªÑ¥÷¦³­­¤½¥q,978844500 
3549,¥ú®f¬ì§ÞªÑ¥÷¦³­­¤½¥q,499200000 
3550,Áp¿o¬ì§ÞªÑ¥÷¦³­­¤½¥q,780800000 
3554,ºë«~¬ì§ÞªÑ¥÷¦³­­¤½¥q,148290320 
3555,Àº®õ¬ì§ÞªÑ¥÷¦³­­¤½¥q,687982740 
3558,¯«·Ç¬ì§ÞªÑ¥÷¦³­­¤½¥q,363735280 
3560,«ØªY¹q¬ì§ÞªÑ¥÷¦³­­¤½¥q,565125980 
3563,ªª¼w¬ì§ÞªÑ¥÷¦³­­¤½¥q,225496350 
3564,¨ä¶§¬ì§ÞªÑ¥÷¦³­­¤½¥q,172644000 
3565,¯[¼þ¶ø¹Ï½X¬ì§ÞªÑ¥÷¦³­­¤½¥q,806361290 
3567,¶h©÷¬ì§ÞªÑ¥÷¦³­­¤½¥q,352520000 
3568,ÃLÂE¬ì§ÞªÑ¥÷¦³­­¤½¥q,273746000 
3571,¥ü§»¹q¤lªÑ¥÷¦³­­¤½¥q,381089020 
3572,§»ªä¬ì§ÞªÑ¥÷¦³­­¤½¥q,303614580 
3579,©|§Ó¥b¾ÉÅéªÑ¥÷¦³­­¤½¥q,850240000 
3580,¤Í«Â¬ì§ÞªÑ¥÷¦³­­¤½¥q,394406570 
3581,³Õ½U¬ì§ÞªÑ¥÷¦³­­¤½¥q,601000000 
3582,­âÄ£¬ì§ÞªÑ¥÷¦³­­¤½¥q,269991990 
3584,¤¶­±¥ú¹qªÑ¥÷¦³­­¤½¥q,748659350 
3585,Áp­P¬ì§ÞªÑ¥÷¦³­­¤½¥q,1216083320 
3586,èb¹F¥ø·~ªÑ¥÷¦³­­¤½¥q,183627200 
3590,®É½n¬ì§ÞªÑ¥÷¦³­­¤½¥q,660780000 
3592,·ç¹©¬ì§ÞªÑ¥÷¦³­­¤½¥q,531750000 
3594,½Y»ö¬ì§ÞªÑ¥÷¦³­­¤½¥q,356666440 
3595,¤s¤Ó¤hªÑ¥÷¦³­­¤½¥q,329524970 
3597,¬M¿³¹q¤lªÑ¥÷¦³­­¤½¥q,300000000 
3598,«³¤O¬ì§ÞªÑ¥÷¦³­­¤½¥q,444460410 
3599,©ô¯à¥ú¹qªÑ¥÷¦³­­¤½¥q,1360509110 
3601,«e·½¬ì§ÞªÑ¥÷¦³­­¤½¥q,460000000 
3603,³sÀç¬ì§ÞªÑ¥÷¦³­­¤½¥q,442361440 
3606,¯S¨Î¥ú¹qªÑ¥÷¦³­­¤½¥q,154250000 
3609,ªFªL¬ì§ÞªÑ¥÷¦³­­¤½¥q,267323870 
3616,§»Ãu¬ì§ÞªÑ¥÷¦³­­¤½¥q,281089500 
3617,ºÓ¤Ñ¬ì§ÞªÑ¥÷¦³­­¤½¥q,716500000 
3623,´I´¹³q¬ì§ÞªÑ¥÷¦³­­¤½¥q,520000000 
3624,¥ú¾e¬ì§ÞªÑ¥÷¦³­­¤½¥q,728468420 
3628,¬Õ¥¿¿Ý¶¶¹q¤lªÑ¥÷¦³­­¤½¥q,406096660 
3629,¨ô­³¥ú¹qªÑ¥÷¦³­­¤½¥q,231396000 
3630,·s¹d¬ì§ÞªÑ¥÷¦³­­¤½¥q,632950000 
3631,ÑÔ·£¬ì§ÞªÑ¥÷¦³­­¤½¥q,631000000 
3632,¬ã¶Ô¬ì§ÞªÑ¥÷¦³­­¤½¥q,142886670 
3633,¤ª¥ú¬ì§ÞªÑ¥÷¦³­­¤½¥q,255236430 
3634,¥¿¿«¬ì§ÞªÑ¥÷¦³­­¤½¥q,496000000 
3635,´¹¶q¥b¾ÉÅéªÑ¥÷¦³­­¤½¥q,397781180 
3636,´¹¶V¬ì§ÞªÑ¥÷¦³­­¤½¥q,278800400 
3637,¹d´º¬ì§ÞªÑ¥÷¦³­­¤½¥q,349660000 
3647,¦°´¹¯à·½¬ì§ÞªÑ¥÷¦³­­¤½¥q,1290000000 
3651,¤ÑÄP²±¹q¤lªÑ¥÷¦³­­¤½¥q,621114940 
3653,°·µ¦ºë±K¤u·~ªÑ¥÷¦³­­¤½¥q,659357220 
3656,Áp³Ó¥ú¹qªÑ¥÷¦³­­¤½¥q,1047200000 
3657,¤j½Ã¹q¤lªÑ¥÷¦³­­¤½¥q,244460000 
3659,¦Ê¨°¥ú¹qªÑ¥÷¦³­­¤½¥q,195000000 
3662,¼Ö°¥¬ì§ÞªÑ¥÷¦³­­¤½¥q,175000000 
3664,¦w·ç¬ì§ÞªÑ¥÷¦³­­¤½¥q,540925300 
3666,¥úÄ£¬ì§ÞªÑ¥÷¦³­­¤½¥q,363635000 
3669,¶ê®i¬ì§ÞªÑ¥÷¦³­­¤½¥q,740900000 
3675,¼w·L¬ì§ÞªÑ¥÷¦³­­¤½¥q,147000000 
3678,Áp¨É¥ú¹qªÑ¥÷¦³­­¤½¥q,210000000 
3679,·s¦Ü°¥¬ì§ÞªÑ¥÷¦³­­¤½¥q,709642860 
3680,®aµnºë±K¤u·~ªÑ¥÷¦³­­¤½¥q,280000000 
3685,¬Fµ¾ºë±KªÑ¥÷¦³­­¤½¥q,336858480 
3686,¹F¯à¬ì§ÞªÑ¥÷¦³­­¤½¥q,1260000000 
3690,¸sÂ×¬ì§ÞªÑ¥÷¦³­­¤½¥q,980979070 
3691,ºÓ¥Ý¹q¤l§÷®ÆªÑ¥÷¦³­­¤½¥q,201000000 
3694,®üµØ¬ì§ÞªÑ¥÷¦³­­¤½¥q,902734620 
4116,¤TÂ×ÂåÀø¾¹§÷ªÑ¥÷¦³­­¤½¥q,374670000 
4117,´¶¥ÍªÑ¥÷¦³­­¤½¥q,252260000 
4124,´Á¬ü¬ì§ÞªÑ¥÷¦³­­¤½¥q,324481500 
4130,°·¨È¥Íª«¬ì§ÞªÑ¥÷¦³­­¤½¥q,839450000 
4133,¨È¿Õªk¥Í§ÞªÑ¥÷¦³­­¤½¥q,541578970 
4134,¥xªY¥Íª«¬ì§Þ¬ãµoªÑ¥÷¦³­­¤½¥q,362500000 
4135,¤Ñ½çº¸¥Íª«¬ì§ÞªÑ¥÷¦³­­¤½¥q,296273350 
4139,°¨¥ú«O°·±±ªÑªÑ¥÷¦³­­¤½¥q,135000000 
4429,»E¯¼ªÑ¥÷¦³­­¤½¥q,222000000 
4430,Ä£»õ¤u·~ªÑ¥÷¦³­­¤½¥q,306900000 
4726,¥Ã©ý¥Íª«ÂåÃÄªÑ¥÷¦³­­¤½¥q,500000000 
4731,ªF¦t¥Íª«¬ì§ÞªÑ¥÷¦³­­¤½¥q,337811050 
4732,«Û¦Ú¥Í§ÞÃÄ«~ªÑ¥÷¦³­­¤½¥q,200000000 
4734,°êºûÁp¦X¬ì§ÞªÑ¥÷¦³­­¤½¥q,325000000 
4736,®õ³Õ¬ì§ÞªÑ¥÷¦³­­¤½¥q,469240900 
4737,µØ¼s¥Í§ÞªÑ¥÷¦³­­¤½¥q,352356310 
4738,©|§Óºë±K¤Æ¾ÇªÑ¥÷¦³­­¤½¥q,614023760 
4740,¼}¼w¥Íª«¬ì§ÞªÑ¥÷¦³­­¤½¥q,175000000 
4743,¦X¤@¥Í§ÞªÑ¥÷¦³­­¤½¥q,551000000 
4744,¬Ó±N¬ì§ÞªÑ¥÷¦³­­¤½¥q,170000000 
4745,¦X´IÂåÀø±±ªÑªÑ¥÷¦³­­¤½¥q,462795610 
4911,¼w­^¥Íª«¬ì§ÞªÑ¥÷¦³­­¤½¥q,485000000 
5536,¸t·u¤uµ{¬ì§ÞªÑ¥÷¦³­­¤½¥q,351550650 
5863,¤j¥x¥_°Ó·~»È¦æªÑ¥÷¦³­­¤½¥q,2100000000 
5864,­P©MÃÒ¨éªÑ¥÷¦³­­¤½¥q,1943428110 
6272,÷~°¥¬ì§ÞªÑ¥÷¦³­­¤½¥q,600800000 
6401,§U¸sÀç³yªÑ¥÷¦³­­¤½¥q,455040000 
6504,«n¤»¥ø·~ªÑ¥÷¦³­­¤½¥q,468000000 
6506,Âù¨¹¹ê·~ªÑ¥÷¦³­­¤½¥q,516499380 
6507,·s¤O¬ü¬ì§ÞªÑ¥÷¦³­­¤½¥q,607442710 
6601,¤T¯q¨î°Ê¬ì§ÞªÑ¥÷¦³­­¤½¥q,420000000 
6701,¹F©M¯è¹BªÑ¥÷¦³­­¤½¥q,1831366500 
6803,±X¹©§ë¸ê±±ªÑªÑ¥÷¦³­­¤½¥q,475000000 
8029,¤[¤¨ªÑ¥÷¦³­­¤½¥q,500000000 
8038,ªø¶é¬ì§Þ¹ê·~ªÑ¥÷¦³­­¤½¥q,445380000 
8041,ªF¤¸ºë¹qªÑ¥÷¦³­­¤½¥q,212895360 
8056,¹F­i¬ì§ÞªÑ¥÷¦³­­¤½¥q,6975000000 
8059,³ÍºÓ¬ì§ÞªÑ¥÷¦³­­¤½¥q,838900000 
8065,¤Ñ·ç¥ø·~ªÑ¥÷¦³­­¤½¥q,567073290 
8115,«Ò»D¥ø·~ªÑ¥÷¦³­­¤½¥q,801293550 
8122,¯«³q¹q¸£ªÑ¥÷¦³­­¤½¥q,3283800250 
8127,§Q¦Æ¬ì§ÞªÑ¥÷¦³­­¤½¥q,445000000 
8157,§»ÄR¬ì§ÞªÑ¥÷¦³­­¤½¥q,347190000 
8176,´¼±¶¬ì§ÞªÑ¥÷¦³­­¤½¥q,680000000 
8179,¦°¼w¬ì§ÞªÑ¥÷¦³­­¤½¥q,3266534330 
8189,´¼ø¯¬ì§ÞªÑ¥÷¦³­­¤½¥q,625560560 
8197,¬ã¯à¬ì§ÞªÑ¥÷¦³­­¤½¥q,617476670 
8199,¼sñS¥ú¹qªÑ¥÷¦³­­¤½¥q,2478497990 
8213,§Ó¶W¬ì§ÞªÑ¥÷¦³­­¤½¥q,1662508470 
8215,¹F«H¬ì§ÞªÑ¥÷¦³­­¤½¥q,2665300910 
8225,µØª¿¥b¾ÉÅéªÑ¥÷¦³­­¤½¥q,383500000 
8227,¥¨¦³¬ì§ÞªÑ¥÷¦³­­¤½¥q,331930000 
8264,¥xÆWµø°T¨t²ÎªÑ¥÷¦³­­¤½¥q,408420000 
8271,¦tÂ¤¬ì§ÞªÑ¥÷¦³­­¤½¥q,1095597760 
8281,¼Ú´¶Ã¹¬ì§ÞªÑ¥÷¦³­­¤½¥q,256499120 
8291,©|­Z¹q¤l§÷®ÆªÑ¥÷¦³­­¤½¥q,670800000 
8297,ª÷¾ô¹q¤l¹ê·~ªÑ¥÷¦³­­¤½¥q,660000000 
8329,»OÆW¹qµø¨Æ·~ªÑ¥÷¦³­­¤½¥q,2805781150 
8351,·sªF¨È·L¹q¤lªÑ¥÷¦³­­¤½¥q,715000000 
8358,ª÷©~¶}µo»ÉºäªÑ¥÷¦³­­¤½¥q,2000000000 
8401,¥Õ¯½¬ì§Þ¦L¨êªÑ¥÷¦³­­¤½¥q,306900000 
8403,²±¥°ÂåÃÄªÑ¥÷¦³­­¤½¥q,301500000 
8410,´Ë¥Ð¦L¨ê¼tªÑ¥÷¦³­­¤½¥q,277860000 
8977,«n°ê¦³½u¹qµøªÑ¥÷¦³­­¤½¥q,246000000 
9957,êMÁp¿ûÅKªÑ¥÷¦³­­¤½¥q,17463600000 
9961,»ö¤jªÑ¥÷¦³­­¤½¥q,574798100 
000016,´I¹FÃÒ¨éªÑ¥÷¦³­­¤½¥q,550000000 
000018,ªF¨ÈÃÒ¨éªÑ¥÷¦³­­¤½¥q,218000000 
000019,¼¯®Ú´IªL©úÃÒ¨éªÑ¥÷¦³­­¤½¥q,290000000 
000020,¦w´¼ÃÒ¨éªÑ¥÷¦³­­¤½¥q,313000000 
000080,­»´ä°Ó­»´ä¤W®ü¶×Â×»È¦æ¥x¥_¤À¦æ,1115807589 
000101,¤¤«H§½(«H°U³¡),0 
000102,¦X®w(«H°U³¡),0 
000103,¤g»È(«H°U³¡),0 
000104,»O»Èºî¦XÃÒ¨éªÑ¥÷¦³­­¤½¥q,3000000000 
000109,¥xÆW¤u»ÈÃÒ¨éªÑ¥÷¦³­­¤½¥q,4197473280 
000111,¥xÆW¤¤¤p¥ø»È,38735980000 
000116,¤é²±ÃÒ¨éªÑ¥÷¦³­­¤½¥q,11572127600 
000148,¬ü°Ó°ª²±¨È¬wÃÒ¨é(­­)¥x¥_¤À¤½¥q,395000000 
000154,¹p°Ò¥S§ÌÃÒ¨é(ªÑ)¤½¥q,600000000 
000156,´ä°Ó³¥§ø°ê»ÚÃÒ¨é(¦³)¥x¥_¤À¤½¥q,660000000 
000157,­»´ä°Óªk°ê¿³·~ÃÒ¨éªÑ¥x¥_¤À¤½¥q,1010000000 
000165,·s¥[©Y°Ó·ç»ÈÃÒ¨é(ªÑ)¥x¥_¤À¤½¥q,1265000000 
000197,´I³qÃÒ¨éªÑ¥÷¦³­­¤½¥q,200000000 
000218,¨ÈªFÃÒ¨éªÑ¥÷¦³­­¤½¥q,7137143300 
000505,¤j®iÃÒ¨éªÑ¥÷¦³­­¤½¥q,2046000000 
000511,´I¶©ÃÒ¨éªÑ¥÷¦³­­¤½¥q,760000000 
000518,¤Ó¥­¬vÃÒ¨éªÑ¥÷¦³­­¤½¥q,4165000000 
000526,¤j¼yÃÒ¨éªÑ¥÷¦³­­¤½¥q,2270710180 
000532,°ª¾ôÃÒ¨éªÑ¥÷¦³­­¤½¥q,478555090 
000537,ÂEºÖÃÒ¨éªÑ¥÷¦³­­¤½¥q,350000000 
000538,²Ä¤@ª÷ÃÒ¨éªÑ¥÷¦³­­¤½¥q,5900000000 
000546,Ä_²±ÃÒ¨éªÑ¥÷¦³­­¤½¥q,312000000 
000550,Â×»ÈÃÒ¨éªÑ¥÷¦³­­¤½¥q,660000000 
000551,¥ÃÂ×ª÷ÃÒ¨éªÑ¥÷¦³­­¤½¥q,13969020250 
000560,¥Ã¿³ÃÒ¨éªÑ¥÷¦³­­¤½¥q,361845000 
000566,¤é¶iÃÒ¨éªÑ¥÷¦³­­¤½¥q,203400000 
000569,Â×¿³ÃÒ¨éªÑ¥÷¦³­­¤½¥q,280000000 
000572,¤jµØÃÒ¨éªÑ¥÷¦³­­¤½¥q,14290660000 
000586,¬Õ·¸,268438170 
000587,¥ú¶©ÃÒ¨éªÑ¥÷¦³­­¤½¥q,200000000 
000596,¤é­ZÃÒ¨éªÑ¥÷¦³­­¤½¥q,361538300 
000601,©b¨ÈÃÒ¨éªÑ¥÷¦³­­¤½¥q,1137554000 
000615,³qÀçÃÒ¨éªÑ¥÷¦³­­¤½¥q,360000000 
000616,¤¤°ê«H°Uºî¦XÃÒ¨éªÑ¥÷¦³­­¤½¥q,5357140000 
000621,·s¦Ê¤ý,235400000 
000638,¥ú©MÃÒ¨éªÑ¥÷¦³­­¤½¥q,440783130 
000645,¥Ã¥þÃÒ¨éªÑ¥÷¦³­­¤½¥q,405342000 
000646,¤j©÷ÃÒ¨éªÑ¥÷¦³­­¤½¥q,900000000 
000648,ºÖ¨¹ÃÒ¨éªÑ¥÷¦³­­¤½¥q,1389960770 
000662,¥þ®õÃÒ¨éªÑ¥÷¦³­­¤½¥q,200000000 
000666,©M¿³ÃÒ¨éªÑ¥÷¦³­­¤½¥q,200000000 
000691,¼w«Hºî¦XÃÒ¨é(ªÑ)¤½¥q,2100000000 
000695,ºÖ³ÓÃÒ¨éªÑ¥÷¦³­­¤½¥q,255000000 
000700,¥üÂ×ÃÒ¨éªÑ¥÷¦³­­¤½¥q,11600000000 
000702,«H´IÃÒ¨éªÑ¥÷¦³­­¤½¥q,200000000 
000708,¥Û¾ôÃÒ¨éªÑ¥÷¦³­­¤½¥q,250000000 
000732,¤j¥ÃÃÒ¨éªÑ¥÷¦³­­¤½¥q,281000000 
000736,¤é°¥ÃÒ¨éªÑ¥÷¦³­­¤½¥q,300300000 
000753,´I¶¶ÃÒ¨éªÑ¥÷¦³­­¤½¥q,400000000 
000767,ª÷´ä,300300000 
000775,¥_«°ÃÒ¨éªÑ¥÷¦³­­¤½¥q,269451000 
000778,´I¬PÃÒ¨éªÑ¥÷¦³­­¤½¥q,368000000 
000779,°ê²¼ºî¦XÃÒ¨é,8270789300 
000790,ª÷Â×ÃÒ¨éªÑ¥÷¦³­­¤½¥q,238000000 
000815,ªF¿³ÃÒ¨éªÑ¥÷¦³­­¤½¥q,200000000 
000838,¦w®õÃÒ¨éªÑ¥÷¦³­­¤½¥q,370000000 
000844,¼¯®Ú¤j³qÃÒ¨éªÑ¥÷¦³­­¤½¥q,1990000000 
000849,¸U®õÃÒ¨éªÑ¥÷¦³­­¤½¥q,200000000 
000852,¤¤¹AÃÒ¨éªÑ¥÷¦³­­¤½¥q,230000000 
000856,·s¥úÃÒ¨éªÑ¥÷¦³­­¤½¥q,1297000000 
000866,¸U³qÃÒ¨éªÑ¥÷¦³­­¤½¥q,230000000 
000869,·s¹Øºî¦XÃÒ¨éªÑ¥÷¦³­­¤½¥q,4163005460 
000870,ªáºXÃÒ¨éªÑ¥÷¦³­­¤½¥q,3000000000 
000877,¤j¹©ÃÒ¨éªÑ¥÷¦³­­¤½¥q,200000000 
000880,¹©´IÃÒ¨éªÑ¥÷¦³­­¤½¥q,320000000 
000884,¥É¤sºî¦XÃÒ¨é,3060000000 
000885,øÊÂ×ÃÒ¨éªÑ¥÷¦³­­¤½¥q,200000000 
000888,°ê®õºî¦XÃÒ¨éªÑ¥÷¦³­­¤½¥q,3700000000 
000889,¤j©M°ê®õÃÒ¨éªÑ¥÷¦³­­¤½¥q,3000000000 
000890,ªk»È¤Ú¾¤ÃÒ¨éªÑ¥÷¦³­­¤½¥q,520000000 
000896,­»´ä¤W®ü¶×Â×ÃÒ¨éªÑ¥÷¦³­­¤½¥q,1000000000 
000930,µØ«n¥Ã©÷ºî¦XÃÒ¨éªÑ¥÷¦³­­¤½¥q,8111743460 
000940,¥xµýºî¦XÃÒ¨éªÑ¥÷¦³­­¤½¥q,13255044470 
000960,´I¨¹ºî¦XÃÒ¨éªÑ¥÷¦³­­¤½¥q,13755000000 
000980,¤¸¤jÃÒ¨éªÑ¥÷¦³­­¤½¥q,43679387890 
010001,´I¨¹ÃÒ¨éª÷¿ÄªÑ¥÷¦³­­¤½¥q,4000000000 
010002,ÀôµØÃÒ¨éª÷¿ÄªÑ¥÷¦³­­¤½¥q,7500000000 
010003,¦w®õÃÒ¨éª÷¿ÄªÑ¥÷¦³­­¤½¥q,4036145930 
021191,¸s¯q´Á³fªÑ¥÷¦³­­¤½¥q,615000000 
021211,¥xµý´Á³fªÑ¥÷¦³­­¤½¥q,730000000 
1111,ªYªY¤ôªd¥ø·~ªÑ¥÷¦³­­¤½¥q,930330840 
1237,¥xÆW¿}·~ªÑ¥÷¦³­­¤½¥q,78288192570 
1242,·sªF¶§ªÑ¥÷¦³­­¤½¥q,880000000 
1245,¥Ýºa²£·~ªÑ¥÷¦³­­¤½¥q,315000000 
1246,¤¤Ápªo¯×ªÑ¥÷¦³­­¤½¥q,600000000 
1249,¹ÅÂ×®ü¬v°ê»ÚªÑ¥÷¦³­­¤½¥q,679097160 
1328,¥xÆW¤¤ªoªÑ¥÷¦³­­¤½¥q,130100000000 
1408,¤¤¿³¯¼Â´¼tªÑ¥÷¦³­­¤½¥q,5450703820 
1462,ªF¶³ªÑ¥÷¦³­­¤½¥q,4278146500 
1480,ªF·ù¶}µo¹ê·~ªÑ¥÷¦³­­¤½¥q,3560852170 
1484,ªF®i¿³·~ªÑ¥÷¦³­­¤½¥q,5280000000 
1489,¤é«n¯¼Â´ªÑ¥÷¦³­­¤½¥q,1611860000 
1490,¥þ¤é¬ü¹ê·~ªÑ¥÷¦³­­¤½¥q,1151150000 
1498,±j«a¥ø·~ªÑ¥÷¦³­­¤½¥q,392636000 
1547,¥xÆWÄR°¶¹q¸£¾÷±ñªÑ¥÷¦³­­¤½¥q,613469250 
1548,«H©÷¾÷±ñ¼tªÑ¥÷¦³­­¤½¥q,1185250000 
1550,¥x¥þ¹q¾÷ªÑ¥÷¦³­­¤½¥q,424750000 
1555,ºû½ü¹ê·~ªÑ¥÷¦³­­¤½¥q,2288660000 
1556,º~ÄÁºë¾÷ªÑ¥÷¦³­­¤½¥q,702000000 
1557,ª÷Â×¾÷¾¹¤u·~ªÑ¥÷¦³­­¤½¥q,1709334000 
1586,©M¶Ôºë¾÷ªÑ¥÷¦³­­¤½¥q,379902600 
1587,¦N­Zºë±KªÑ¥÷¦³­­¤½¥q,380572500 
1602,¤Ó¥­¬v¹q½u¹qÆlªÑ¥÷¦³­­¤½¥q,6690000000 
1606,ºqªLªÑ¥÷¦³­­¤½¥q,8939626030 
1619,¤j®i¹q½u¹qÆlªÑ¥÷¦³­­¤½¥q,500000000 
1739,ªY¶³¤ÑµM®ðªÑ¥÷¦³­­¤½¥q,300000000 
1740,ªY®ç¤ÑµM®ðªÑ¥÷¦³­­¤½¥q,1148964610 
1743,ªYÀç¥Ûªo®ðªÑ¥÷¦³­­¤½¥q,385609950 
1745,ªY¹Å¥Ûªo®ðªÑ¥÷¦³­­¤½¥q,318000000 
1762,¤¤¤Æ¦X¦¨¥Í§ÞªÑ¥÷¦³­­¤½¥q,702000000 
1763,©_¬ü¹ê·~ªÑ¥÷¦³­­¤½¥q,18262480000 
1764,ªø¬K¥Ûªo¤Æ¾ÇªÑ¥÷¦³­­¤½¥q,5090293860 
1765,ªø¬K¤H³y¾ð¯×¼tªÑ¥÷¦³­­¤½¥q,3404802610 
1766,¤j³s¤Æ¾Ç¤u·~ªÑ¥÷¦³­­¤½¥q,1415015390 
1767,¶§©ú¤s¥Ë´µªÑ¥÷¦³­­¤½¥q,704633930 
1768,ªY¹ü¤ÑµM®ðªÑ¥÷¦³­­¤½¥q,2151684850 
1769,ªY¤¤¤ÑµM®ðªÑ¥÷¦³­­¤½¥q,1204678340 
1770,«HªF¥Í§ÞªÑ¥÷¦³­­¤½¥q,1302233420 
1772,¸qªÚ¤Æ¾Ç¤u·~ªÑ¥÷¦³­­¤½¥q,804804870 
1775,¤jªF¾ð¯×¤Æ¾ÇªÑ¥÷¦³­­¤½¥q,880000000 
1780,¥ß¥°¥Í¤Æ¬ì§ÞªÑ¥÷¦³­­¤½¥q,716000000 
1786,¬ì§°¥Íª«¬ì§ÞªÑ¥÷¦³­­¤½¥q,315000000 
1796,ª÷¿o¥Íª«¬ì§ÞªÑ¥÷¦³­­¤½¥q,333456000 
1910,¼s·½³y¯ÈªÑ¥÷¦³­­¤½¥q,1080000000 
1914,¦X²³¯È·~ªÑ¥÷¦³­­¤½¥q,1035300000 
2041,êM­Z¹ê·~ªÑ¥÷¦³­­¤½¥q,1620000000 
2043,ºÖ¥ú¥ø·~ªÑ¥÷¦³­­¤½¥q,127000000 
2048,¤¤Às¿ûÅKªÑ¥÷¦³­­¤½¥q,48769548460 
2060,¥Ãµo¿ûÅK¤u·~ªÑ¥÷¦³­­¤½¥q,357390000 
2112,©_µÙ¬ì§ÞªÑ¥÷¦³­­¤½¥q,3236662850 
2212,¤ÍÁp¨®§÷»s³yªÑ¥÷¦³­­¤½¥q,78990200 
2215,¶×Â×¨T¨®ªÑ¥÷¦³­­¤½¥q,3221815820 
2218,°ª³£¨T¨®ªÑ¥÷¦³­­¤½¥q,886446000 
2219,Áé¼y¬ì§Þ¶}µoªÑ¥÷¦³­­¤½¥q,423500000 
2220,«n³£¨T¨®ªÑ¥÷¦³­­¤½¥q,625439180 
2222,®ç­]¨T¨®ªÑ¥÷¦³­­¤½¥q,606142900 
2225,°ê³£¨T¨®ªÑ¥÷¦³­­¤½¥q,745629200 
2226,¤¤³¡¨T¨®ªÑ¥÷¦³­­¤½¥q,600000000 
2228,¼CÅïªÑ¥÷¦³­­¤½¥q,602330400 
2319,¤j²³¹q¸£ªÑ¥÷¦³­­¤½¥q,2513000000 
2410,¹©¤j¬ì§ÞªÑ¥÷¦³­­¤½¥q,2439311820 
2418,¶®·s¹ê·~ªÑ¥÷¦³­­¤½¥q,10618632540 
2523,¼wÄ_Àç³yªÑ¥÷¦³­­¤½¥q,4716150000 
2549,»·´­«Ø³]ªÑ¥÷¦³­­¤½¥q,2370990940 
2557,ªx¨È¤uµ{«Ø³]ªÑ¥÷¦³­­¤½¥q,873662630 
2566,´_¿³¤ì·~ªÑ¥÷¦³­­¤½¥q,220625080 
2568,¥@¥¿¶}µoªÑ¥÷¦³­­¤½¥q,2378000000 
2577,¨È©ý¶}µoªÑ¥÷¦³­­¤½¥q,808800000 
2579,à±³qÀç³y¤uµ{ªÑ¥÷¦³­­¤½¥q,253788000 
2580,»·´­Àç³y¤uµ{ªÑ¥÷¦³­­¤½¥q,1000558010 
2584,§Q®Ê¤uµ{ªÑ¥÷¦³­­¤½¥q,468000000 
2595,¦w®a°ê»Ú¥ø·~ªÑ¥÷¦³­­¤½¥q,700000000 
2619,·s¦Ë³f¹BªÑ¥÷¦³­­¤½¥q,2494931040 
2621,¥ßºa¯èªÅªÑ¥÷¦³­­¤½¥q,3160000000 
2630,¨È¬w¯èªÅªÑ¥÷¦³­­¤½¥q,832408340 
2634,º~µ¾¯èªÅ¤u·~ªÑ¥÷¦³­­¤½¥q,9082614280 
2635,¤¤¿³¯èªÅªÑ¥÷¦³­­¤½¥q,254437810 
2711,³Í¼»¤j¶º©±ªÑ¥÷¦³­­¤½¥q,643061850 
2712,»·¶¯®ü¬v¤½¶éªÑ¥÷¦³­­¤½¥q,3000000000 
2716,ªøºa°ê»ÚªÑ¥÷¦³­­¤½¥q,3500000000 
2720,©Mª@¥ð¶¢¶}µoªÑ¥÷¦³­­¤½¥q,150000000 
2807,´í¥´°ê»Ú°Ó·~»È¦æªÑ¥÷¦³­­¤½¥q,21575719760 
2840,¥É¤s°Ó·~»È¦æªÑ¥÷¦³­­¤½¥q,18175000000 
2848,µØ«n²£ª««OÀIªÑ¥÷¦³­­¤½¥q,2001386250 
2858,¤¤¯²­}©MªÑ¥÷¦³­­¤½¥q,8009972230 
2863,®õ¦w²£ª««OÀIªÑ¥÷¦³­­¤½¥q,3340205450 
2865,°êÄ_¤H¹Ø«OÀIªÑ¥÷¦³­­¤½¥q,4230000000 
2867,¤T°Ó¬ü¨¹¤H¹Ø«OÀIªÑ¥÷¦³­­¤½¥q,8230988400 
2870,¿³¹A¤H¹Ø«OÀIªÑ¥÷¦³­­¤½¥q,4000000000 
2872,¥xÆW²¼¨éª÷¿ÄªÑ¥÷¦³­­¤½¥q,5161650000 
2873,¤j¤¤²¼¨éª÷¿ÄªÑ¥÷¦³­­¤½¥q,4329159460 
2874,¸U³q²¼¨éª÷¿ÄªÑ¥÷¦³­­¤½¥q,5408000000 
2875,©¯ºÖ¤H¹Ø«OÀIªÑ¥÷¦³­­¤½¥q,6000000000 
2876,§»®õ¤H¹Ø«OÀIªÑ¥÷¦³­­¤½¥q,7341383930 
2877,°ê®õ¥@¬ö²£ª««OÀIªÑ¥÷¦³­­¤½¥q,2317005600 
2878,Áp¨¹²¼¨éª÷¿ÄªÑ¥÷¦³­­¤½¥q,2960000000 
2893,»OÆW·s¥ú°Ó·~»È¦æªÑ¥÷¦³­­¤½¥q,19577665280 
2894,¤j¼y²¼¨éª÷¿ÄªÑ¥÷¦³­­¤½¥q,3291112500 
2895,¶§«H°Ó·~»È¦æªÑ¥÷¦³­­¤½¥q,12249729810 
2899,¥x¥_ª÷¿Ä¤j¼ÓªÑ¥÷¦³­­¤½¥q,14700000000 
2922,¨ÊµØ«°ªÑ¥÷¦³­­¤½¥q,13780000000 
3065,¤j²³¹q«HªÑ¥÷¦³­­¤½¥q,4500000000 
3079,§»»õ°ê»ÚªÑ¥÷¦³­­¤½¥q,686625340 
3117,¦~µ{¬ì§ÞªÑ¥÷¦³­­¤½¥q,346592000 
3125,·s¥@¬ö¸ê³qªÑ¥÷¦³­­¤½¥q,25994489830 
3142,»·­Z¥ú¹qªÑ¥÷¦³­­¤½¥q,2791050000 
3147,¤jºî¹q¸£¨t²ÎªÑ¥÷¦³­­¤½¥q,143000000 
3157,«ÂÄ_¹q«HªÑ¥÷¦³­­¤½¥q,19534300000 
3158,¹Å¹ê¸ê°TªÑ¥÷¦³­­¤½¥q,193052650 
3166,°¶¹´ªÑ¥÷¦³­­¤½¥q,190000000 
3197,ÁÉ¨È°ò¦]¬ì§ÞªÑ¥÷¦³­­¤½¥q,2387500000 
3223,¼w¥ß´µ¬ì§ÞªÑ¥÷¦³­­¤½¥q,240000000 
3267,®õ°¥¬ì§ÞªÑ¥÷¦³­­¤½¥q,513928800 
3275,¶h¤Z¬ì§ÞªÑ¥÷¦³­­¤½¥q,75000000 
3278,¤@«~¥ú¾Ç¤u·~ªÑ¥÷¦³­­¤½¥q,603900000 
3279,¤T¥þ¬ì§ÞªÑ¥÷¦³­­¤½¥q,225485000 
3280,Às¥Í¤u·~ªÑ¥÷¦³­­¤½¥q,896030740 
3282,°ÓªNªÑ¥÷¦³­­¤½¥q,272535000 
3304,Ãv¨¹¬ì§ÞªÑ¥÷¦³­­¤½¥q,170301130 
3319,µ{´¼¬ì§ÞªÑ¥÷¦³­­¤½¥q,353330780 
3321,¦P®õ¹q¤l¬ì§ÞªÑ¥÷¦³­­¤½¥q,1188000000 
3345,¼y¨}¹q¤lªÑ¥÷¦³­­¤½¥q,339500000 
3350,Í×´ä¬ì§ÞªÑ¥÷¦³­­¤½¥q,465000000 
3359,®õ¾W¹q¸£ªÑ¥÷¦³­­¤½¥q,153850000 
3369,ÅK¬ã¬ì§ÞªÑ¥÷¦³­­¤½¥q,992086960 
3375,¬ì¶®¬ì§ÞªÑ¥÷¦³­­¤½¥q,168139770 
3377,°·®æ¬ì§ÞªÑ¥÷¦³­­¤½¥q,99990000 
3386,·s¼w¬ì§ÞªÑ¥÷¦³­­¤½¥q,399627120 
3393,¤¹©Ý§÷®Æ¬ì§ÞªÑ¥÷¦³­­¤½¥q,300000000 
3397,¨ó®õ°ê»ÚªÑ¥÷¦³­­¤½¥q,401877000 
3405,¬zºì¥Û­^¬ì§ÞªÑ¥÷¦³­­¤½¥q,302768930 
3408,±`¾Ð¬ì§ÞªÑ¥÷¦³­­¤½¥q,538476310 
3427,«n¨Ê¸ê°TªÑ¥÷¦³­­¤½¥q,371000000 
3428,¥úïú¬ì§ÞªÑ¥÷¦³­­¤½¥q,461000000 
3430,©_Üg¬ì§ÞªÑ¥÷¦³­­¤½¥q,200727120 
3432,¥xºÝ¿³·~ªÑ¥÷¦³­­¤½¥q,526733530 
3447,®i¹F³q°TªÑ¥÷¦³­­¤½¥q,428000000 
3449,¥xÆW¯«¤á¹q¦ÀªÑ¥÷¦³­­¤½¥q,589570000 
3462,Þ³¾W¬ì§ÞªÑ¥÷¦³­­¤½¥q,417000000 
3463,§»¶ì¤u·~ªÑ¥÷¦³­­¤½¥q,906300000 
3475,´I´¹¹q¤lªÑ¥÷¦³­­¤½¥q,389603590 
3482,´¼¦¨(­ì¤OµØ)¹q¤lªÑ¥÷¦³­­¤½¥q,362059000 
3485,±ÔÂ×¥ø·~ªÑ¥÷¦³­­¤½¥q,263120000 
3488,¤h½Ë¬ì§Þ¨Æ·~ªÑ¥÷¦³­­¤½¥q,164184340 
3502,¹d¯è¬ì§ÞªÑ¥÷¦³­­¤½¥q,383444110 
3509,Áp¥Ý¦³½u¹qµøªÑ¥÷¦³­­¤½¥q,1704632800 
3510,©ö¹©ªÑ¥÷¦³­­¤½¥q,195000000 
3525,´N·~±¡³ø¸ê°TªÑ¥÷¦³­­¤½¥q,156038430 
3539,ÀH¨­¹CÀ¸ªÑ¥÷¦³­­¤½¥q,96372000 
3566,¤Ó¶§¥ú¹q¯à·½¬ì§ÞªÑ¥÷¦³­­¤½¥q,1241870000 
3575,¯[©ú¥ú¹qªÑ¥÷¦³­­¤½¥q,360000000 
3583,¨¯¯Ð¥ø·~ªÑ¥÷¦³­­¤½¥q,600000000 
3602,ºñ¬P¹q¤lªÑ¥÷¦³­­¤½¥q,311121160 
3604,¥ßùÖ¥ú¯àªÑ¥÷¦³­­¤½¥q,211000000 
3608,¥xÆW·L¦Ì¬ì§ÞªÑ¥÷¦³­­¤½¥q,249700000 
3610,±ÒÄ£¥ú¹qªÑ¥÷¦³­­¤½¥q,1434558790 
3613,ºÓ¹F¬ì§ÞªÑ¥÷¦³­­¤½¥q,416819690 
3618,½n®Ê¤u·~ªÑ¥÷¦³­­¤½¥q,680000000 
3620,¤é¤ëÂE¬ì§ÞªÑ¥÷¦³­­¤½¥q,2919823000 
3626,¼w«H¬ì§ÞªÑ¥÷¦³­­¤½¥q,344800000 
3627,µØ«H¥ú¹q¬ì§ÞªÑ¥÷¦³­­¤½¥q,390000000 
3639,­ZøÊ¯à·½¬ì§ÞªÑ¥÷¦³­­¤½¥q,120000000 
3642,Â@æf¹q¤l¬ì§ÞªÑ¥÷¦³­­¤½¥q,310390500 
3643,¥xºÍ¬ì§ÞªÑ¥÷¦³­­¤½¥q,441810300 
3644,­â¹Å¬ì§ÞªÑ¥÷¦³­­¤½¥q,219200000 
3645,¹FÁÚ¬ì§ÞªÑ¥÷¦³­­¤½¥q,904000000 
3646,¦ã®¦¯Sºë±K¤u·~ªÑ¥÷¦³­­¤½¥q,329567060 
3648,º~¥x¬ì§ÞªÑ¥÷¦³­­¤½¥q,220000000 
3649,ªø¸ÎªY·~ªÑ¥÷¦³­­¤½¥q,228230220 
3650,ÂE¤è¬ì§ÞªÑ¥÷¦³­­¤½¥q,220000000 
3655,´I¶§¥ú¹qªÑ¥÷¦³­­¤½¥q,1005000000 
3658,º~¥Á·L´ú¬ì§ÞªÑ¥÷¦³­­¤½¥q,410000000 
3663,øÊ¬ì§÷®Æ¬ì§ÞªÑ¥÷¦³­­¤½¥q,431145590 
3671,¼¯¤Û¼ç¸¥¼Æ¦ìªÑ¥÷¦³­­¤½¥q,60500000 
3672,±dÁp°T¬ì§ÞªÑ¥÷¦³­­¤½¥q,241165770 
3674,±d°T¬ì§ÞªÑ¥÷¦³­­¤½¥q,213606000 
3681,¹ê¬ÕªÑ¥÷¦³­­¤½¥q,2086852100 
3682,¨È¤Ó¹q«HªÑ¥÷¦³­­¤½¥q,32840000000 
3683,¥ò³Õ¬ì§ÞªÑ¥÷¦³­­¤½¥q,621361270 
3684,ºa©÷¬ì§ÞªÑ¥÷¦³­­¤½¥q,156280000 
3687,­Z¬°¼Ú¶R§¼¼Æ¦ì¬ì§ÞªÑ¥÷¦³­­¤½¥q,156000000 
3688,ÁH³q¬ì§ÞªÑ¥÷¦³­­¤½¥q,504048400 
3689,´é¼w¹q¤lªÑ¥÷¦³­­¤½¥q,527114940 
3693,Àç¨¹¥ø·~ªÑ¥÷¦³­­¤½¥q,333149700 
4118,¤Í¦X¥Í¤Æ¬ì§ÞªÑ¥÷¦³­­¤½¥q,282350000 
4132,°ê¹©¥Íª«¬ì§ÞªÑ¥÷¦³­­¤½¥q,389700000 
4138,Â`¨È°ê»ÚªÑ¥÷¦³­­¤½¥q,220000000 
4423,¤¯©vÁ¢µ·ªÑ¥÷¦³­­¤½¥q,392040000 
4427,®i¹|ªÑ¥÷¦³­­¤½¥q,1317526380 
4724,¤j®i¥Í©R¬ì§ÞªÑ¥÷¦³­­¤½¥q,5000000 
4728,Âù¬ü¥Íª«¬ì§ÞªÑ¥÷¦³­­¤½¥q,367000000 
4735,»¨®iÂåÀø¬ì§ÞªÑ¥÷¦³­­¤½¥q,258720000 
4739,±d´¶§÷®Æ¬ì§ÞªÑ¥÷¦³­­¤½¥q,384999300 
4741,ªlÃv¬ì§ÞªÑ¥÷¦³­­¤½¥q,144468500 
4746,¥xÄ£¤Æ¾ÇªÑ¥÷¦³­­¤½¥q,600000000 
4747,±j¥Í¤Æ¾Ç»sÃÄ¼tªÑ¥÷¦³­­¤½¥q,145000000 
4749,·sÀ³§÷ªÑ¥÷¦³­­¤½¥q,710000000 
5017,·s®õ¦ù¬ì§ÞªÑ¥÷¦³­­¤½¥q,5320000000 
5207,­¸¶®°ª¬ì§ÞªÑ¥÷¦³­­¤½¥q,263289580 
5492,¨È´¼¬ì§ÞªÑ¥÷¦³­­¤½¥q,928685670 
5535,¸U¹F³q¹ê·~ªÑ¥÷¦³­­¤½¥q,4220150000 
5605,»·ªF¯èªÅªÑ¥÷¦³­­¤½¥q,6068624460 
5801,²Ä¤@ª÷ÃÒ¨é§ë¸ê«H°UªÑ¥÷¦³­­¤½¥q,600000000 
5823,¥x·s²¼¨éª÷¿ÄªÑ¥÷¦³­­¤½¥q,5140000000 
5827,µØ®õ°Ó·~»È¦æªÑ¥÷¦³­­¤½¥q,6446566820 
5828,´I¨¹²£ª««OÀIªÑ¥÷¦³­­¤½¥q,8178395600 
5830,¤T«H°Ó·~»È¦æªÑ¥÷¦³­­¤½¥q,3680451110 
5831,·s¥ú¤H¹Ø«OÀIªÑ¥÷¦³­­¤½¥q,48186423190 
5833,¤¸¤jÃÒ¨éª÷¿ÄªÑ¥÷¦³­­¤½¥q,16500000000 
5834,¥üÂ×²£ª««OÀIªÑ¥÷¦³­­¤½¥q,3000000000 
5835,°ê®õ¥@µØ°Ó·~»È¦æªÑ¥÷¦³­­¤½¥q,48689413360 
5836,¥x¥_´I¨¹°Ó·~»È¦æªÑ¥÷¦³­­¤½¥q,47948870450 
5838,µØ«n°Ó·~»È¦æ,37809000000 
5839,¤¤µØ¶}µo¤u·~»È¦æªÑ¥÷¦³­­¤½¥q,77603994100 
5840,°ê»Ú²¼¨éª÷¿ÄªÑ¥÷¦³­­¤½¥q,18090000000 
5841,¤¤°ê«H°U°Ó·~»È¦æªÑ¥÷¦³­­¤½¥q,75103257390 
5842,¥üÂ×²¼¨éª÷¿ÄªÑ¥÷¦³­­¤½¥q,13114410840 
5843,¥üÂ×°ê»Ú°Ó·~»È¦æªÑ¥÷¦³­­¤½¥q,64109878380 
5844,²Ä¤@°Ó·~»È¦æªÑ¥÷¦³­­¤½¥q,49490000000 
5846,°ê®õ¤H¹Ø«OÀIªÑ¥÷¦³­­¤½¥q,55686157650 
5847,¥É¤s°Ó·~»È¦æªÑ¥÷¦³­­¤½¥q,31824000000 
5848,¥x·s°ê»Ú°Ó·~»È¦æªÑ¥÷¦³­­¤½¥q,41750118310 
5849,¥ÃÂ×°Ó·~»È¦æªÑ¥÷¦³­­¤½¥q,44818469120 
5850,¤é²±°ê»Ú°Ó·~»È¦æªÑ¥÷¦³­­¤½¥q,12045571620 
5852,¤¸¤j°Ó·~»È¦æªÑ¥÷¦³­­¤½¥q,21500000000 
5853,¥É¤s²¼¨éª÷¿ÄªÑ¥÷¦³­­¤½¥q,3265000000 
5857,»OÆW¤g¦a»È¦æ,25000000000 
5858,»OÆW»È¦æªÑ¥÷¦³­­¤½¥q,45000000000 
5859,»·¶¯¤H¹Ø«OÀI¨Æ·~ªÑ¥÷¦³­­¤½¥q,10175738300 
5862,ªO«H°Ó·~»È¦æªÑ¥÷¦³­­¤½¥q,9557900000 
5865,´I¨¹¤H¹Ø«OÀIªÑ¥÷¦³­­¤½¥q,15023170000 
5866,²Î¤@´Á³fªÑ¥÷¦³­­¤½¥q,660000000 
5867,±d©M´Á³fªÑ¥÷¦³­­¤½¥q,665595000 
5901,¤¤¤Í¦Ê³fªÑ¥÷¦³­­¤½¥q,4481946000 
6004,¤¸¤j¨ÊµØÃÒ¨éªÑ¥÷¦³­­¤½¥q,31890729930 
6149,¥ÝÂE¬ì§ÞªÑ¥÷¦³­­¤½¥q,318796000 
6299,¤å³ÁªÑ¥÷¦³­­¤½¥q,751666000 
6602,¦ù©÷¹q¾÷ªÑ¥÷¦³­­¤½¥q,238424230 
6606,«Ø¼w¤u·~ªÑ¥÷¦³­­¤½¥q,694153970 
6607,ºÖ¶©¦yºÝ¬ì§ÞªÑ¥÷¦³­­¤½¥q,881000000 
6608,¼yÂE¾÷¹q¤u·~ªÑ¥÷¦³­­¤½¥q,360000000 
6702,´_¿³¯èªÅ¹B¿éªÑ¥÷¦³­­¤½¥q,4806976420 
8011,¥x³q¥ú¹qªÑ¥÷¦³­­¤½¥q,600000000 
8015,·R­}¨È¬ì§ÞªÑ¥÷¦³­­¤½¥q,273580800 
8017,®i­Z¥ú¹qªÑ¥÷¦³­­¤½¥q,11511298800 
8022,¥¿¯è¸ê°TªÑ¥÷¦³­­¤½¥q,143500000 
8026,±d©M¸ê°T¨t²ÎªÑ¥÷¦³­­¤½¥q,237902030 
8027,Ügª@¬ì§ÞªÑ¥÷¦³­­¤½¥q,375090370 
8036,¥úµØ¶}µo¬ì§ÞªÑ¥÷¦³­­¤½¥q,574000000 
8045,¹F¹B¥ú¹qªÑ¥÷¦³­­¤½¥q,605208150 
8089,±d¥þ¹q°TªÑ¥÷¦³­­¤½¥q,525000000 
8102,³ÇÀM¬ì§ÞªÑ¥÷¦³­­¤½¥q,175723500 
8116,¼w®õ¬ì§ÞªÑ¥÷¦³­­¤½¥q,538665820 
8130,Áp¹F¹q¤l¤u·~ªÑ¥÷¦³­­¤½¥q,1029000000 
8134,®õ¤s¹q¤lªÑ¥÷¦³­­¤½¥q,672000000 
8140,§Qµ¾¯è¤Ó¹q¤lªÑ¥÷¦³­­¤½¥q,379405000 
8147,¥¿Õæºë±K¤u·~ªÑ¥÷¦³­­¤½¥q,119000000 
8150,«n­Z¬ì§ÞªÑ¥÷¦³­­¤½¥q,8857606260 
8152,®m·s¹q¸£ªÑ¥÷¦³­­¤½¥q,544830000 
8172,³Ó¶}¬ì§ÞªÑ¥÷¦³­­¤½¥q,1366824620 
8186,¨}æP¬ì§Þ¥ø·~ªÑ¥÷¦³­­¤½¥q,753382070 
8188,³Á·æ¥b¾ÉÅéªÑ¥÷¦³­­¤½¥q,150000000 
8217,¸q¨å¬ì§ÞªÑ¥÷¦³­­¤½¥q,470060000 
8218,½÷«°¹q¤lªÑ¥÷¦³­­¤½¥q,641479090 
8219,¥úªL¹q¤lªÑ¥÷¦³­­¤½¥q,1108629170 
8222,Ä_¤@¬ì§ÞªÑ¥÷¦³­­¤½¥q,545000000 
8233,µÏ¥þ¹q¤lªÑ¥÷¦³­­¤½¥q,278025000 
8242,´¹°T¬ì§ÞªÑ¥÷¦³­­¤½¥q,340200000 
8252,«a¼w¥ú¹q¬ì§ÞªÑ¥÷¦³­­¤½¥q,622733100 
8265,­Z¤@¹q¤lªÑ¥÷¦³­­¤½¥q,399000000 
8282,§»Áp¹q¸£ªÑ¥÷¦³­­¤½¥q,90000000 
8284,¤T¦Ë¸ê°TªÑ¥÷¦³­­¤½¥q,232708400 
8292,­^«O¹FªÑ¥÷¦³­­¤½¥q,1349573380 
8295,¤¤±j¹q¤lªÑ¥÷¦³­­¤½¥q,10010000 
8304,¨ÎÁp¦³½u¹qµøªÑ¥÷¦³­­¤½¥q,652900000 
8305,¸s°·¦³½u¹qµøªÑ¥÷¦³­­¤½¥q,768775460 
8307,«Â¹F¶WµÏ¹q«H¦h´CÅéªÑ¥÷¦³­­¤½¥q,4120320500 
8308,¤¤§ë¦³½u¹qµøªÑ¥÷¦³­­¤½¥q,600000000 
8309,¦N¤¸¦³½u¹qµøªÑ¥÷¦³­­¤½¥q,226316940 
8310,ªø¼w¦³½u¹qµøªÑ¥÷¦³­­¤½¥q,1980067260 
8312,ªF¨È¦³½u¹qµøªÑ¥÷¦³­­¤½¥q,200000000 
8315,¤j¦¿°ê»ÚªÑ¥÷¦³­­¤½¥q,2000000000 
8316,¤j°ª¶¯¦³½u¹qµøªÑ¥÷¦³­­¤½¥q,200000000 
8317,µØ¸êùÛ·~ªÑ¥÷¦³­­¤½¥q,910997010 
8323,¤Ñ«Â«O¥þªÑ¥÷¦³­­¤½¥q,220374000 
8325,¤¤°ê¼s¼½ªÑ¥÷¦³­­¤½¥q,3284264100 
8327,ÏwÄi¦³½u¹qµøªÑ¥÷¦³­­¤½¥q,200000000 
8330,¥xÆW¦Æ¥Í»sÃÄ¼tªÑ¥÷¦³­­¤½¥q,281151110 
8338,³Á¼d¨T¹qªÑ¥÷¦³­­¤½¥q,20000000000 
8341,¤é¤ÍÀô«O¬ì§ÞªÑ¥÷¦³­­¤½¥q,750000000 
8342,¯q±i¹ê·~ªÑ¥÷¦³­­¤½¥q,265426920 
8343,¬ì¾Ç«°ª«¬yªÑ¥÷¦³­­¤½¥q,466666670 
8350,ºa½ü¬ì§ÞªÑ¥÷¦³­­¤½¥q,457380000 
8356,ªø¥Í¹q¤OªÑ¥÷¦³­­¤½¥q,5150000000 
8359,¿úÂd¥ø·~ªÑ¥÷¦³­­¤½¥q,1950000000 
8360,¤¤µØ¹qµøªÑ¥÷¦³­­¤½¥q,1977480000 
8366,¤¤µØ±m¦â¦L¨êªÑ¥÷¦³­­¤½¥q,662486210 
8367,«Ø·s°ê»ÚªÑ¥÷¦³­­¤½¥q,512496570 
8368,«Ì«n¦³½u¹qµøªÑ¥÷¦³­­¤½¥q,201223650 
8376,»·¹©§ë¸êªÑ¥÷¦³­­¤½¥q,18338262300 
8379,ªY´ò¤ÑµM®ðªÑ¥÷¦³­­¤½¥q,697017940 
8385,µØÀxªÑ¥÷¦³­­¤½¥q,2500000000 
8387,½n¨Ó¹qµøºôªÑ¥÷¦³­­¤½¥q,1010021380 
8388,©M¥­¹q¤OªÑ¥÷¦³­­¤½¥q,10134000000 
8389,·s®ç¹q¤OªÑ¥÷¦³­­¤½¥q,5000000000 
8391,´ËÅQ¹q¤OªÑ¥÷¦³­­¤½¥q,6000000000 
8392,¬P¯à¹q¤OªÑ¥÷¦³­­¤½¥q,3000000000 
8394,¥xÆWµÒ°sªÑ¥÷¦³­­¤½¥q,35000000000 
8396,¤dµ¾«O¥þªÑ¥÷¦³­­¤½¥q,310000000 
8399,Áp¬üªL·~ªÑ¥÷¦³­­¤½¥q,215000000 
8402,§Þ¹©ªÑ¥÷¦³­­¤½¥q,253861820 
8408,·C´Ë¬ì§ÞªÑ¥÷¦³­­¤½¥q,170500000 
8409,°Ó¤§¾¹¬ì§ÞªÑ¥÷¦³­­¤½¥q,152000000 
8702,¦Ð¥Ð¾÷±ñªÑ¥÷¦³­­¤½¥q,4697450000 
8707,¥x¤¤ºë¾÷¼tªÑ¥÷¦³­­¤½¥q,1100000000 
8943,Ä_ºÖ¦³½u¹qµøªÑ¥÷¦³­­¤½¥q,350000000 
8945,¤j·s©±¥Á¥D¦³½u¹qµøªÑ¥÷¦³­­¤½¥q,300000000 
8946,Âù¤l¬P¦³½u¹qµøªÑ¥÷¦³­­¤½¥q,423500000 
8948,¥_µø¦³½u¹qµø(ªÑ)¤½¥q,700000000 
8950,±y¬¡´ç°²¨Æ·~ªÑ¥÷¦³­­¤½¥q,1020000000 
8951,·s¦Ë®¶¹D¦³½u¹qµøªÑ¥÷¦³­­¤½¥q,443620000 
8952,ª÷ÀW¹D¦³½u¹qµø(ªÑ)¤½¥q,400000000 
8953,¦N¶©¦³½u¹qµøªÑ¥÷¦³­­¤½¥q,345697000 
8954,¤j¥@¬É¦³½u¹qµøªÑ¥÷¦³­­¤½¥q,200000000 
8955,¥_°·¦³½u¹qµøªÑ¥÷¦³­­¤½¥q,1855121980 
8956,¥xÆW¼Æ¦ì¼eÀW¦³½u¹qµø(ªÑ)¤½¥q,560000000 
8957,·s­ð«°¦³½u¹qµø¨Æ·~ªÑ¥÷¦³­­¤½¥q,200000000 
8958,¸Û«~ªÑ¥÷¦³­­¤½¥q,1073980000 
8959,¿³Âù©M¦³½u¹qµøªÑ¥÷¦³­­¤½¥q,427000000 
8960,¬õ¾ðªL¦³½u¹qµøªÑ¥÷¦³­­¤½¥q,211600000 
8962,·sµøªi¦³½u¹qµøªÑ¥÷¦³­­¤½¥q,681386290 
8963,·s¥x¥_¦³½u¹qµø(ªÑ)¤½¥q,500000000 
8965,®a©M¦³½u¹qµøªÑ¥÷¦³­­¤½¥q,1659431510 
8966,»ñ«H¦³½u¹qµøªÑ¥÷¦³­­¤½¥q,680901980 
8967,¼yÁp¦³½u¹qµøªÑ¥÷¦³­­¤½¥q,262221640 
8968,¶§©ú¤s¦³½u¹qµø(ªÑ)¤½¥q,326782400 
8969,¥_®ç¶é¦³½u¹qµøªÑ¥÷¦³­­¤½¥q,330000000 
8970,¤j´­¦³½u¹qµøªÑ¥÷¦³­­¤½¥q,340000000 
8971,«n®ç¶é¦³½u¹qµø(ªÑ),785939620 
8973,¼ê´ò¦³½u¹qµøªÑ¥÷¦³­­¤½¥q,200000000 
8974,¥@·s¦³½u¹qµøªÑ¥÷¦³­­¤½¥q,660000000 
8975,Æ[ª@¦³½u¹qµøªÑ¥÷¦³­­¤½¥q,551820000 
8976,Ápºû¦³½u¹qµøªÑ¥÷¦³­­¤½¥q,200000000 
8978,¤j¦w¤å¤s¦³½u¹qµø(ªÑ)¤½¥q,202410000 
8980,¸U¶H¦³½u¹qµøªÑ¥÷¦³­­¤½¥q,952389980 
8981,ÄR«a¦³½u¹qµøªÑ¥÷¦³­­¤½¥q,1252907610 
8982,«H©M¦³½u¹qµøªÑ¥÷¦³­­¤½¥q,242180000 
8983,Â×·ù¦³½u¹qµøªÑ¥÷¦³­­¤½¥q,739955270 
8984,¤j«H¦³½u¹qµøªÑ¥÷¦³­­¤½¥q,350000000 
8985,°êÁn¦³½u¹qµøªÑ¥÷¦³­­¤½¥q,200000000 
8986,¦è®ü©¤¦³½u¹qµøªÑ¥÷¦³­­¤½¥q,650000000 
8987,ªF¥x¦³½u¹qµø¨Æ·~ªÑ¥÷¦³­­¤½¥q,200000000 
8988,¤j¤Ù¦³½u¹qµøªÑ¥÷¦³­­¤½¥q,630000000 
8990,´ä³£¦³½u¹qµøªÑ¥÷¦³­­¤½¥q,296199570 
8991,¤T¤j¦³½u¹qµøªÑ¥÷¦³­­¤½¥q,310000000 
8992,·sÀW¹D¦³½u¹qµøªÑ¥÷¦³­­¤½¥q,669513880 
8993,¤¤µØ°ê»Ú³q°Tºô¸ôªÑ¥÷¦³­­¤½¥q,506070000 
8995,¥_´ä¦³½u¹qµøªÑ¥÷¦³­­¤½¥q,620000000 
8998,¥x¨È½Ã¬P³q°TªÑ¥÷¦³­­¤½¥q,771933120 
9801,¤¤°ê¤OÅQªÑ¥÷¦³­­¤½¥q,3958463740 
9963,¥xÆW¹q¤OªÑ¥÷¦³­­¤½¥q,330000000000 
9964,ºa¹´§ë¸êªÑ¥÷¦³­­¤½¥q,688292640 
9967,ºa¹qªÑ¥÷¦³­­¤½¥q,467552600 
9968,¥xÆWµØºqº¸ªÑ¥÷¦³­­¤½¥q,800000000 
9969,ªF¤è¨|¼Ö¨Æ·~ªÑ¥÷¦³­­¤½¥q,1680000000 
9971,¥ß¤j¶}µo§ë¸êªÑ¥÷¦³­­¤½¥q,637664760 
9974,¤¤µØ¹´®õª«¬yªÑ¥÷¦³­­¤½¥q,500000000 
9977,·s¥Ã¦w¦³½u¹qµøªÑ¥÷¦³­­¤½¥q,576068350 
9978,ªøºaªÅ¼pªÑ¥÷¦³­­¤½¥q,1000000000 
9982,¤T«a¤ý¦³½u¹qµøªÑ¥÷¦³­­¤½¥q,473600000 
9983,¥Ã¨Î¼Ö¦³½u¹qµøªÑ¥÷¦³­­¤½¥q,339400000 
9984,¥þÁp¦³½u¹qµøªÑ¥÷¦³­­¤½¥q,700000000 
9985,Æ[¤Ñ¤U¦³½u¹qµø¨Æ·~ªÑ¥÷¦³­­¤½¥q,560000000 
9986,«n¤Ñ¦³½u¹qµøªÑ¥÷¦³­­¤½¥q,500995830 
9989,¤Ñ¥~¤Ñ¦³½u¹qµøªÑ¥÷¦³­­¤½¥q,360000000 
A00001,¥üÂ×°ê»ÚÃÒ¨é§ë¸ê«H°U(ªÑ)¤½¥q,527000000 
A00002,²ü»ÈÃÒ¨é§ë¸ê«H°UªÑ¥÷¦³­­¤½,865892160 
A00004,¶×Â×¤¤µØÃÒ¨é§ë¸ê«H°U(ªÑ)¤½¥q,788000000 
A00006,´º¶¶ÃÒ¨é§ë¸ê«H°UªÑ¥÷¦³­­¤½¥q,595182290 
A00008,«O¼w«HÃÒ¨é§ë¸ê«H°U(ªÑ),505318560 
A00009,²Î¤@ÃÒ¨é§ë¸ê«H°UªÑ¥÷¦³­­¤½¥q,300000000 
A00010,´I¨¹ÃÒ¨é§ë¸ê«H°UªÑ¥÷¦³­­¤½¥q,500000000 
A00011,¼¯®Ú´IªL©úÃÒ¨é§ë¸ê«H°U(ªÑ)¤½¥q,300000000 
A00012,µØ«n¥Ã©÷ÃÒ¨é§ë¸ê«H°U(ªÑ)¤½¥q,402009590 
A00016,¸s¯qÃÒ¨é§ë¸ê«H°UªÑ¥÷¦³­­¤½¥q,495022560 
A00019,¥üÂ×°ê»ÚÃÒ¨é§ë¸ê«H°UªÑ¥÷¦³­­¤½,300000000 
A00022,´_µØÃÒ¨é§ë¸ê«H°UªÑ¥÷¦³­­¤½¥q,323809800 
A00023,¥xÆW¤u»ÈÃÒ¨é§ë¸ê«H°U(ªÑ)¤½¥q,350000000 
A00025,¥ÃÂ×ÃÒ¨é§ë¸ê«H°UªÑ¥÷¦³­­¤½¥q,334275000 
A00026,´I¹©ÃÒ¨é§ë¸ê«H°UªÑ¥÷¦³­­¤½¥q,300000000 
A00027,§»§QÃÒ¨é§ë¸ê«H°UªÑ¥÷¦³­­¤½¥q,300000000 
A00030,²±µØÃÒ¨é§ë¸ê«H°UªÑ¥÷¦³­­¤½¥q,320040970 
A00031,ü®µØÃÒ¨é§ë¸ê«H°UªÑ¥÷¦³­­¤½¥q,300000000 
A00033,Áp¨¹ÃÒ¨é§ë¸ê«H°UªÑ¥÷¦³­­¤½¥q,0 
A00035,¥x¹Ø«OÃÒ¨é§ë¸ê«H°UªÑ¥÷¦³­­¤½¥q,337140000 
A00036,¼w²±¦wÁpÃÒ¨é§ë¸ê«H°U(ªÑ)¤½¥q,300000000 
A00037,°ê®õÃÒ¨é§ë¸ê«H°UªÑ¥÷¦³­­¤½¥q,431400000 
A00040,¼w»È»·ªFÃÒ¨é§ë¸ê«H°U(ªÑ)¤½¥qŽi,300000000 
A00042,¬IÃ¹¼wÃÒ¨é§ë¸ê«H°UªÑ¥÷¦³­­¤½¥q,348000000 
A00043,µØ¹yÃÒ¨é§ë¸ê«H°UªÑ¥÷¦³­­¤½¥q,450000000 
A00044,±d©M¤ñÁpÃÒ¨é§ë¸ê«H°U(ªÑ)¤½¥q,300000000 
A00045,´IÄõ§JªLµØ¬üÃÒ¨é§ë¸ê«H°U(ªÑ),300000000 
A00046,·s©ýÃÒ¨é§ë¸ê«H°UªÑ¥÷¦³­­¤½¥q,300000000 
A00047,¥x·sÃÒ¨é§ë¸ê«H°UªÑ¥÷¦³­­¤½¥q,300000000 
A00057,Ä¬¾¤¥@ÃÒ¨é§ë¸ê«H°UªÑ¥÷¦³­­¤½¥q,300000000 
B00007,´I¨¹ÃÒ¨é§ë¸êÅU°ÝªÑ¥÷¦³­­¤½¥q,300000000 
B00011,¤¸¤j¨ÊµØÃÒ¨é§ë¸êÅU°Ý(ªÑ)¤½¥q,300000000 
B00015,±d©Mµý¨é§ë¸êÅU°ÝªÑ¥÷¦³­­¤½¥q,79254000 
B00018,¥xµýÃÒ¨é§ë¸êÅU°ÝªÑ¥÷¦³­­¤½¥q,300000000 
B00024,ºÖ¨¹ÃÒ¨é§ë¸êÅU°ÝªÑ¥÷¦³­­¤½¥q,60000000 
B00026,¤Ñ´IÃÒ¨é§ë¸êÅU°ÝªÑ¥÷¦³­­¤½¥q,75000000 
B00029,´IÄõ§JªLÃÒ¨é§ë¸êÅU°Ý(ªÑ)¤½¥q,70000000 
B00033,²Ä¤@ª÷ÃÒ¨é§ë¸êÅU°ÝªÑ¥÷¦³­­¤½¥q,100000000 
B00037,¤jµØÃÒ¨é§ë¸êÅU°ÝªÑ¥÷¦³­­¤½¥q,300000000 
B00038,µØ«HÃÒ¨é§ë¸êÅU°ÝªÑ¥÷¦³­­¤½¥q,54600000 
B00039,ª÷¹©ÃÒ¨é§ë¸êÅU°ÝªÑ¥÷¦³­­¤½¥q,100000000 
B00042,¤¸¤j²Ä¤@Àô²yÃÒ¨é§ë¸êÅU°Ý(ªÑ),50000000 
B00047,¥ÃÂ×ÃÒ¨é§ë¸êÅU°ÝªÑ¥÷¦³­­¤½¥q,176000000 
B00051,±ÒµoÃÒ¨é§ë¸êÅU°ÝªÑ¥÷¦³­­¤½¥q,166200000 
B00055,øÊÂ×ÃÒ¨é§ë¸êÅU°ÝªÑ¥÷¦³­­¤½¥q,100000000 
B00059,³Í°òÃÒ¨é§ë¸êÅU°ÝªÑ¥÷¦³­­¤½¥q,300000000 
B00064,²Ä¤@ÃÒ¨é§ë¸êÅU°ÝªÑ¥÷¦³­­¤½¥q,50400000 
B00069,¨ÈÃÒÃÒ¨é§ë¸êÅU°ÝªÑ¥÷¦³­­¤½¥q,50000000 
B00072,²Î¤@ÃÒ¨é§ë¸êÅU°ÝªÑ¥÷¦³­­¤½¥q,300000000 
B00076,­¿§Q°ê»ÚÃÒ¨é§ë¸êÅU°Ý(ªÑ)¤½¥q,320000000 
B00085,¦ë¹FÃÒ¨é§ë¸êÅU°Ý(ªÑ),70000000 
B00086,Ä_¨Ó´¶®õÃÒ¨é§ë¸êÅU°Ý(ªÑ)¤½¥q,100000000 
B00095,§»Æ[ÃÒ¨é§ë¸êÅU°ÝªÑ¥÷¦³­­¤½¥q,80000000000 
B00113,ªFÀMÃÒ¨é§ë¸êÅU°ÝªÑ¥÷¦³­­¤½¥q,50000000 
B00118,µØ«nÃÒ¨é§ë¸êÅU°ÝªÑ¥÷¦³­­¤½¥q,137200000 
B00122,¸s¯qÃÒ¨é§ë¸êÅU°ÝªÑ¥÷¦³­­¤½¥q,50000000 
B00131,¤j®iÃÒ¨é§ë¸êÅU°ÝªÑ¥÷¦³­­¤½¥q,150000000 
B00136,°]°TÃÒ¨é§ë¸êÅU°ÝªÑ¥÷¦³­­¤½¥q,50000000 
B00139,·s¹ØÃÒ¨é§ë¸êÅU°ÝªÑ¥÷¦³­­¤½¥q,70000000 
B00143,©M³qÃÒ¨é§ë¸êÅU°ÝªÑ¥÷¦³­­¤½¥q,50000000 
B00152,¤¸´IÃÒ¨é§ë¸êÅU°ÝªÑ¥÷¦³­­¤½¥q,300000000 
B00154,¤Ó¥­¬vÃÒ¨é§ë¸êÅU°ÝªÑ¥÷¦³­­¤½¥q,0 
B00159,¨ÈªFÃÒ¨é§ë¸êÅU°ÝªÑ¥÷¦³­­¤½¥q,300000000 
B00160,¥xÆW¤u»ÈÃÒ¨é§ë¸êÅU°Ý(ªÑ)¤½¥q,50000000 
